Timestamp,Ax,Ay,Az,Gx,Gy,Gz
14:48:50.352690,1.81,3.44,3.44,-62.62,145.73,50.98
14:48:50.435040,0.50,1.63,1.63,6.92,136.65,-68.48
14:48:50.541025,0.20,1.63,1.63,-16.62,133.26,-60.34
14:48:50.647100,0.26,1.58,1.58,-88.14,100.85,72.93
14:48:50.750045,0.37,1.58,1.58,-168.96,-31.43,116.16
14:48:50.856083,-0.18,1.94,1.94,-322.23,16.52,287.87
14:48:50.959088,1.19,1.66,1.66,22.56,67.84,332.44
14:48:51.061125,0.75,1.25,1.25,155.24,136.59,-1.62
14:48:51.167815,0.64,1.26,1.26,120.79,86.62,-274.54
14:48:51.270509,0.47,1.34,1.34,74.18,38.72,-481.71
14:48:51.377003,0.18,1.52,1.52,61.77,74.79,-386.59
14:48:51.478947,0.51,1.21,1.21,37.53,-13.78,72.41
14:48:51.585649,2.40,-0.22,-0.22,714.18,-999.02,600.40
14:48:51.687873,0.97,1.62,1.62,216.25,-94.15,201.52
14:48:51.790636,0.85,1.69,1.69,3.29,71.62,-47.50
14:48:51.896950,0.64,1.57,1.57,-15.30,100.12,-135.21
14:48:51.999671,0.49,1.47,1.47,27.53,160.03,-108.35
14:48:52.102209,0.04,1.60,1.60,-9.36,36.95,-13.26
14:48:52.208556,0.35,1.63,1.63,-88.57,-37.62,107.77
14:48:52.314349,0.36,1.63,1.63,-165.88,-33.78,157.29
14:48:52.420706,-0.14,1.74,1.74,-318.14,-30.98,303.54
14:48:52.523629,1.20,1.56,1.56,-42.44,-132.29,276.83
14:48:52.626368,0.85,1.16,1.16,136.95,318.69,-76.34
14:48:52.728397,0.62,1.33,1.33,188.48,82.56,-327.96
14:48:52.835518,0.51,1.48,1.48,58.20,96.22,-510.03
14:48:52.937675,0.39,1.45,1.45,47.07,13.02,-224.48
14:48:53.040494,0.44,1.01,1.01,44.33,24.51,106.89
14:48:53.146755,1.42,0.94,0.94,683.90,439.70,326.46
14:48:53.252887,1.07,1.72,1.72,148.23,-145.70,168.54
14:48:53.354877,0.87,1.57,1.57,-13.60,30.79,-15.15
14:48:53.458511,0.75,1.52,1.52,41.89,82.93,-114.42
14:48:53.564713,0.53,1.58,1.58,36.13,167.74,-116.37
14:48:53.667142,0.20,1.58,1.58,-15.49,59.88,-55.79
14:48:53.769842,0.33,1.60,1.60,-74.45,-0.52,61.34
14:48:53.875724,0.23,1.64,1.64,-167.56,35.52,118.20
14:48:53.982701,-0.30,1.71,1.71,-286.95,21.68,336.55
14:48:54.086645,1.29,1.58,1.58,-84.76,-28.11,209.39
14:48:54.187044,0.70,1.05,1.05,44.33,441.37,-125.95
14:48:54.293799,0.55,1.34,1.34,214.63,15.06,-412.29
14:48:54.400674,0.33,1.51,1.51,147.65,220.27,-437.96
14:48:54.498732,0.20,1.43,1.43,69.21,85.00,-228.32
14:48:54.604522,0.24,1.24,1.24,35.37,20.27,133.23
14:48:54.711550,1.15,0.90,0.90,-527.56,-392.47,819.66
14:48:54.814672,0.91,1.53,1.53,-42.26,-98.11,403.69
14:48:54.916411,0.95,1.77,1.77,42.50,20.61,41.52
14:48:55.022830,0.67,1.66,1.66,28.51,76.01,-135.03
14:48:55.125251,0.49,1.56,1.56,48.02,141.31,-127.35
14:48:55.227532,0.16,1.55,1.55,13.54,129.82,-61.83
14:48:55.333420,0.10,1.59,1.59,-56.55,20.91,72.65
14:48:55.440799,0.48,1.65,1.65,-111.13,-0.70,120.55
14:48:55.543398,0.45,1.67,1.67,-151.40,-28.05,125.43
14:48:55.645687,-0.12,1.62,1.62,-267.56,1.52,270.76
14:48:55.751758,1.10,1.63,1.63,-59.12,114.63,290.76
14:48:55.854359,0.61,1.24,1.24,27.96,408.23,25.55
14:48:55.961174,0.67,1.21,1.21,180.88,79.73,-329.30
14:48:56.067143,0.40,1.35,1.35,152.77,116.89,-536.68
14:48:56.169638,0.19,1.53,1.53,66.22,226.49,-203.87
14:48:56.272249,0.33,1.27,1.27,31.68,36.55,162.80
14:48:56.379159,0.88,0.21,0.21,-210.82,-683.69,696.28
14:48:56.480989,0.94,1.50,1.50,95.46,-77.74,339.85
14:48:56.579403,0.90,1.73,1.73,35.49,2.41,19.15
14:48:56.686092,0.70,1.64,1.64,45.37,-0.37,-101.49
14:48:56.792367,0.37,1.58,1.58,-3.14,61.74,-121.55
14:48:56.893756,0.24,1.57,1.57,7.20,58.23,-46.22
14:48:57.000349,0.21,1.60,1.60,-83.54,108.51,35.34
14:48:57.103730,0.43,1.57,1.57,-129.76,37.10,140.34
14:48:57.210914,0.42,1.56,1.56,-199.05,-7.80,132.35
14:48:57.313861,0.71,1.44,1.44,-293.99,72.96,174.82
14:48:57.414576,1.06,1.51,1.51,60.52,243.20,203.84
14:48:57.522114,0.58,1.31,1.31,37.80,559.18,223.23
14:48:57.623912,0.57,1.29,1.29,84.42,424.33,165.61
14:48:57.727071,0.48,1.29,1.29,65.98,340.43,24.54
14:48:57.832996,0.44,1.40,1.40,59.73,386.65,-69.66
14:48:57.935786,0.24,1.43,1.43,69.27,467.99,-4.33
14:48:58.043244,0.29,1.20,1.20,119.82,168.54,137.59
14:48:58.148136,-0.56,1.35,1.35,-457.84,-613.63,508.78
14:48:58.275943,0.27,1.60,1.60,194.51,286.68,252.26
14:48:58.352391,0.93,1.78,1.78,4.15,188.48,88.20
14:48:58.460267,0.79,1.70,1.70,88.84,-0.03,-78.45
14:48:58.561993,0.63,1.61,1.61,42.93,34.57,-132.53
14:48:58.663985,0.27,1.58,1.58,7.59,240.82,-77.29
14:48:58.770540,0.16,1.61,1.61,-70.85,322.38,37.74
14:48:58.876944,0.16,1.59,1.59,-117.01,116.25,91.13
14:48:58.979733,0.25,1.57,1.57,-139.60,47.71,107.10
14:48:59.088305,0.17,1.87,1.87,-158.57,-120.52,423.11
14:48:59.188760,0.88,1.49,1.49,15.00,450.49,236.01
14:48:59.290871,0.56,1.33,1.33,67.29,234.21,6.95
14:48:59.397599,0.58,1.20,1.20,17.35,168.38,-176.37
14:48:59.499472,0.49,1.29,1.29,39.05,175.88,-337.04
14:48:59.606504,0.28,1.43,1.43,81.01,215.61,-252.23
14:48:59.708986,-0.06,1.47,1.47,44.36,185.12,120.21
14:48:59.814987,1.97,1.57,1.57,680.18,-349.48,576.86
14:48:59.917945,1.09,1.60,1.60,256.55,-161.52,267.10
14:49:00.020271,0.82,1.62,1.62,16.01,109.12,37.41
14:49:00.126221,0.67,1.66,1.66,-2.62,120.03,-92.93
14:49:00.228486,0.45,1.61,1.61,21.49,46.77,-138.26
14:49:00.331505,0.24,1.54,1.54,22.44,156.19,-94.76
14:49:00.433356,0.05,1.55,1.55,-9.21,69.18,-8.54
14:49:00.545469,0.35,1.62,1.62,-96.34,-20.98,113.57
14:49:00.646162,0.42,1.57,1.57,-139.88,-7.65,70.49
14:49:00.754174,-0.01,1.65,1.65,-182.87,-19.27,137.04
14:49:00.859675,-0.37,2.09,2.09,-277.10,-143.72,399.30
14:49:00.958321,1.30,1.36,1.36,-133.90,25.46,21.34
14:49:01.060295,0.63,1.04,1.04,70.06,59.45,-261.28
14:49:01.167190,0.81,1.13,1.13,128.87,103.23,-451.55
14:49:01.273808,0.28,1.43,1.43,123.02,166.43,-463.23
14:49:01.375996,0.01,1.44,1.44,75.27,52.35,-62.44
14:49:01.478790,-2.00,2.93,2.93,56.25,-432.80,61.16
14:49:01.585420,0.30,2.09,2.09,-275.34,284.79,63.99
14:49:01.687791,0.73,1.65,1.65,76.98,-175.79,81.80
14:49:01.789831,0.52,1.68,1.68,10.43,-70.34,10.49
14:49:01.896316,0.63,1.64,1.64,-4.76,-15.67,-37.16
14:49:01.998589,0.35,1.54,1.54,-6.10,68.48,-103.90
14:49:02.105241,0.01,1.55,1.55,-138.29,43.17,34.09
14:49:02.211579,-0.03,2.18,2.18,-163.41,-113.54,218.05
14:49:02.314696,0.68,1.62,1.62,-183.90,-217.56,227.13
14:49:02.417043,0.77,1.32,1.32,-62.84,152.62,25.70
14:49:02.522991,0.59,1.31,1.31,118.23,189.94,-93.11
14:49:02.624970,0.53,1.26,1.26,95.52,39.88,-220.46
14:49:02.727764,0.45,1.33,1.33,88.14,30.18,-371.25
14:49:02.834436,0.35,1.46,1.46,76.86,-4.24,-177.04
14:49:02.936830,0.44,1.30,1.30,87.50,13.29,134.51
14:49:03.043090,-1.08,1.38,1.38,-755.09,6.28,867.77
14:49:03.146051,0.67,1.48,1.48,128.54,46.74,380.34
14:49:03.248581,0.97,1.65,1.65,91.43,48.60,99.73
14:49:03.354683,0.84,1.60,1.60,26.04,59.57,-30.79
14:49:03.461092,0.65,1.68,1.68,-20.09,63.81,-171.07
14:49:03.563575,0.43,1.57,1.57,-31.98,61.01,-154.70
14:49:03.666023,0.10,1.53,1.53,-102.62,66.98,-34.76
14:49:03.772594,0.03,1.72,1.72,-211.55,-14.05,136.86
14:49:03.879987,-0.16,1.75,1.75,-213.23,-251.86,244.27
14:49:03.977348,0.92,1.12,1.12,-96.34,51.68,143.02
14:49:04.084213,0.53,1.05,1.05,47.90,312.23,-19.05
14:49:04.190295,0.75,1.23,1.23,158.87,-22.38,-251.92
14:49:04.292331,0.47,1.30,1.30,116.65,160.85,-387.01
14:49:04.394653,0.26,1.53,1.53,100.12,52.62,-327.68
14:49:04.497904,0.34,1.38,1.38,94.54,74.24,26.62
14:49:04.609249,-0.77,2.58,2.58,-142.84,-151.55,383.78
14:49:04.710130,0.49,1.85,1.85,-580.98,10.79,207.47
14:49:04.812286,0.88,1.77,1.77,113.48,-84.02,108.38
14:49:04.915023,0.73,1.63,1.63,15.58,-33.96,-50.82
14:49:05.020689,0.56,1.51,1.51,3.05,66.71,-116.25
14:49:05.124335,0.71,1.52,1.52,2.10,143.35,-36.74
14:49:05.229927,0.47,1.61,1.61,-63.48,73.51,-25.70
14:49:05.333118,0.32,1.58,1.58,-109.97,56.59,-18.81
14:49:05.439436,-0.06,1.94,1.94,-169.30,-79.66,120.98
14:49:05.546708,0.04,1.53,1.53,-136.01,-324.85,235.61
14:49:05.649134,0.84,1.27,1.27,-84.45,390.06,152.65
14:49:05.751001,0.59,1.19,1.19,97.38,81.13,-156.37
14:49:05.853592,0.55,1.29,1.29,144.45,47.04,-385.70
14:49:05.960520,0.34,1.47,1.47,156.22,112.23,-469.51
14:49:06.062811,0.11,1.41,1.41,83.05,75.09,-145.06
14:49:06.168568,0.07,1.37,1.37,85.27,-104.30,122.41
14:49:06.271318,1.43,2.29,2.29,349.33,-67.01,155.73
14:49:06.377789,0.80,1.86,1.86,201.55,-143.48,63.17
14:49:06.475365,0.50,1.63,1.63,0.88,3.66,-32.90
14:49:06.582567,0.51,1.63,1.63,-31.28,-5.40,-100.43
14:49:06.688962,0.41,1.55,1.55,-11.28,64.94,-82.90
14:49:06.791179,0.11,1.55,1.55,-58.05,91.83,-28.08
14:49:06.893842,0.35,1.62,1.62,-95.18,12.04,88.08
14:49:07.000353,0.16,1.80,1.80,-171.04,-64.45,174.70
14:49:07.106779,0.13,1.64,1.64,-74.09,-333.81,321.16
14:49:07.209184,0.83,1.13,1.13,-79.91,138.81,158.41
14:49:07.311616,0.50,1.11,1.11,29.91,323.29,-82.59
14:49:07.417780,0.55,1.32,1.32,143.29,-16.55,-375.06
14:49:07.520084,0.21,1.43,1.43,67.59,21.52,-385.03
14:49:07.622645,0.46,1.52,1.52,13.81,35.70,-41.68
14:49:07.732988,-1.22,4.00,4.00,213.60,-377.35,-269.27
14:49:07.836663,0.74,1.90,1.90,-309.70,48.84,-23.17
14:49:07.934252,0.99,1.65,1.65,89.02,-79.05,62.35
14:49:08.040750,0.75,1.63,1.63,17.71,-48.35,-130.91
14:49:08.143613,0.59,1.53,1.53,1.74,55.09,-186.28
14:49:08.249301,0.28,1.51,1.51,35.46,77.93,-125.52
14:49:08.354520,0.08,1.59,1.59,-66.01,66.13,25.79
14:49:08.459345,0.21,1.62,1.62,-217.16,31.04,155.55
14:49:08.564486,-0.01,1.68,1.68,-316.22,86.74,263.90
14:49:08.666753,0.68,1.57,1.57,-12.80,-118.78,259.82
14:49:08.769165,0.82,1.27,1.27,5.49,501.13,123.75
14:49:08.876252,0.59,1.18,1.18,182.53,48.99,-165.82
14:49:08.978414,0.54,1.17,1.17,126.10,156.01,-354.27
14:49:09.085021,0.30,1.44,1.44,154.42,75.06,-415.46
14:49:09.182961,0.25,1.26,1.26,69.21,11.95,29.57
14:49:09.294158,0.33,1.14,1.14,-912.26,-256.31,686.71
14:49:09.396417,0.19,1.53,1.53,-57.77,130.30,339.39
14:49:09.499387,0.88,1.67,1.67,167.26,-67.04,100.98
14:49:09.604894,0.65,1.63,1.63,103.51,-100.18,-101.01
14:49:09.707302,0.51,1.52,1.52,53.20,30.64,-138.35
14:49:09.813498,0.24,1.53,1.53,-21.68,146.59,-34.57
14:49:09.912829,0.32,1.63,1.63,15.73,77.13,49.24
14:49:10.018636,0.53,1.61,1.61,-23.93,43.20,145.73
14:49:10.125849,0.48,1.67,1.67,-102.38,50.85,93.29
14:49:10.228449,0.25,1.57,1.57,-173.23,56.95,133.81
14:49:10.334975,0.09,1.81,1.81,-228.29,-129.15,312.53
14:49:10.437460,1.07,1.38,1.38,-58.20,335.70,290.06
14:49:10.540049,0.88,1.08,1.08,171.10,305.95,79.97
14:49:10.645808,0.71,1.23,1.23,170.30,363.26,-91.80
14:49:10.751631,0.49,1.30,1.30,84.85,318.57,-261.01
14:49:10.854869,0.36,1.47,1.47,99.70,214.36,-309.70
14:49:10.957277,0.33,1.32,1.32,65.58,284.79,-16.16
14:49:11.063960,-1.02,1.44,1.44,-33.38,-291.22,571.07
14:49:11.169372,0.15,1.42,1.42,-283.90,160.52,334.91
14:49:11.268200,0.83,1.84,1.84,16.25,27.04,125.76
14:49:11.375009,0.73,1.74,1.74,61.74,-31.68,-27.01
14:49:11.477672,0.58,1.58,1.58,21.71,13.84,-91.43
14:49:11.584357,0.44,1.60,1.60,-39.57,136.98,-92.77
14:49:11.686347,0.45,1.56,1.56,-29.57,103.11,-57.41
14:49:11.789111,0.33,1.56,1.56,-61.83,86.01,-5.70
14:49:11.894955,0.09,1.59,1.59,-143.20,44.51,77.59
14:49:12.002076,0.12,1.69,1.69,-235.40,180.76,278.51
14:49:12.103820,0.66,1.60,1.60,-12.77,-42.93,265.12
14:49:12.210223,0.78,1.36,1.36,-77.01,530.18,244.60
14:49:12.312057,0.61,1.15,1.15,96.37,80.67,-88.57
14:49:12.415505,0.56,1.16,1.16,66.98,147.53,-333.69
14:49:12.521587,0.27,1.49,1.49,148.72,-6.52,-424.88
14:49:12.624042,0.25,1.39,1.39,67.16,171.19,39.42
14:49:12.731067,-1.64,2.62,2.62,179.42,-96.98,-119.54
14:49:12.837106,1.16,2.10,2.10,-141.86,-19.76,-132.10
14:49:12.939083,0.84,1.69,1.69,185.55,-124.15,93.54
14:49:13.041851,0.79,1.68,1.68,45.03,14.66,-59.94
14:49:13.145182,0.59,1.63,1.63,54.97,77.16,-126.62
14:49:13.247088,0.33,1.49,1.49,0.37,99.15,-130.12
14:49:13.353898,0.19,1.58,1.58,20.43,182.29,-38.60
14:49:13.455992,0.29,1.62,1.62,-5.00,113.87,28.11
14:49:13.562376,0.28,1.63,1.63,-65.85,80.30,89.27
14:49:13.665178,0.47,1.63,1.63,-73.63,48.45,94.76
14:49:13.771609,0.32,1.78,1.78,-146.49,14.88,110.85
14:49:13.873786,0.04,1.59,1.59,-185.27,63.26,230.37
14:49:13.980771,0.91,1.72,1.72,37.62,108.84,338.90
14:49:14.083243,0.66,1.09,1.09,38.32,385.30,160.52
14:49:14.189114,0.66,1.02,1.02,138.72,435.09,-199.48
14:49:14.291577,0.43,1.33,1.33,174.51,299.15,-497.77
14:49:14.393786,0.06,1.52,1.52,18.14,357.50,-18.90
14:49:14.504413,-2.23,3.26,3.26,-152.44,-364.12,82.56
14:49:14.606560,0.41,1.84,1.84,-402.29,261.71,195.55
14:49:14.709309,0.99,1.76,1.76,19.12,-11.74,155.49
14:49:14.812349,0.85,1.66,1.66,-2.53,-42.87,-80.91
14:49:14.914444,0.64,1.56,1.56,5.37,68.63,-166.28
14:49:15.020083,0.33,1.51,1.51,-6.22,97.29,-105.98
14:49:15.123145,0.11,1.54,1.54,-76.01,23.20,3.72
14:49:15.229159,0.30,1.56,1.56,-100.82,-35.61,181.74
14:49:15.332235,0.45,2.14,2.14,-163.32,-8.57,245.06
14:49:15.437943,0.58,1.70,1.70,44.73,-94.48,239.73
14:49:15.540625,0.97,1.46,1.46,-57.80,579.70,236.65
14:49:15.643421,0.61,1.10,1.10,115.00,70.12,50.12
14:49:15.750002,0.69,1.19,1.19,83.05,139.45,-218.23
14:49:15.856454,0.47,1.33,1.33,139.02,127.87,-447.96
14:49:15.958538,0.15,1.51,1.51,110.88,51.07,-300.15
14:49:16.060941,0.53,1.27,1.27,22.68,335.40,234.57
14:49:16.171675,2.26,-0.19,-0.19,435.76,-782.44,823.14
14:49:16.269854,1.04,1.52,1.52,185.82,-67.13,297.71
14:49:16.372337,0.76,1.57,1.57,-46.68,161.31,6.74
14:49:16.478842,0.70,1.67,1.67,17.47,66.25,-96.62
14:49:16.581024,0.50,1.50,1.50,-29.15,51.89,-97.87
14:49:16.687437,0.22,1.56,1.56,-68.75,18.08,-7.13
14:49:16.790430,0.40,1.60,1.60,-101.37,-14.85,71.98
14:49:16.898629,0.41,1.85,1.85,-171.80,-70.67,87.77
14:49:17.003068,0.27,1.74,1.74,-103.20,-150.95,200.37
14:49:17.105557,0.79,1.42,1.42,-86.52,282.71,193.11
14:49:17.207401,0.59,1.24,1.24,64.54,196.65,48.41
14:49:17.315052,0.55,1.29,1.29,135.15,-60.12,-227.16
14:49:17.416991,0.59,1.26,1.26,80.70,109.91,-405.40
14:49:17.522939,0.27,1.39,1.39,148.29,-24.27,-405.82
14:49:17.621743,0.27,1.35,1.35,61.98,6.71,118.14
14:49:17.733113,-0.12,1.97,1.97,-234.82,-421.25,654.82
14:49:17.831340,0.74,1.86,1.86,-29.66,7.93,284.66
14:49:17.933177,1.03,1.79,1.79,15.06,8.20,12.47
14:49:18.040546,0.78,1.61,1.61,57.32,11.59,-83.38
14:49:18.146489,0.54,1.55,1.55,-13.60,55.76,-122.74
14:49:18.252683,0.33,1.61,1.61,-57.20,117.04,-142.38
14:49:18.354471,-0.07,1.52,1.52,-120.82,35.24,18.63
14:49:18.461830,0.05,2.07,2.07,-197.96,-99.02,204.76
14:49:18.563478,0.64,1.64,1.64,-137.47,-151.34,301.31
14:49:18.666040,0.80,1.19,1.19,33.02,381.34,243.51
14:49:18.768351,0.59,1.16,1.16,86.83,34.51,-20.88
14:49:18.875455,0.61,1.09,1.09,154.15,47.74,-246.89
14:49:18.977923,0.47,1.27,1.27,213.72,35.95,-458.78
14:49:19.083983,0.25,1.56,1.56,106.04,25.98,-344.57
14:49:19.185737,0.13,1.41,1.41,97.20,-25.00,4.02
14:49:19.294198,0.88,0.94,0.94,-597.71,-999.02,612.50
14:49:19.395499,0.66,1.48,1.48,154.63,-66.71,435.98
14:49:19.498258,1.04,1.66,1.66,31.65,42.84,105.67
14:49:19.604395,0.86,1.63,1.63,102.74,-12.99,-35.18
14:49:19.707187,0.55,1.62,1.62,26.83,-27.23,-155.24
14:49:19.813315,0.42,1.58,1.58,-58.38,84.45,-111.07
14:49:19.915935,0.30,1.63,1.63,-63.41,113.63,-68.69
14:49:20.017993,0.11,1.54,1.54,-132.16,67.29,23.66
14:49:20.124584,0.21,2.13,2.13,-130.40,-86.25,213.51
14:49:20.231111,0.28,1.72,1.72,-84.88,-220.73,226.37
14:49:20.332932,0.79,1.63,1.63,-64.60,268.87,177.84
14:49:20.435850,0.72,1.14,1.14,83.66,142.01,-9.63
14:49:20.542261,0.62,1.16,1.16,101.31,21.68,-273.02
14:49:20.645457,0.41,1.41,1.41,3.29,26.40,-463.78
14:49:20.747053,0.15,1.52,1.52,90.91,52.59,-354.12
14:49:20.853629,0.12,1.29,1.29,19.63,-21.95,-7.71
14:49:20.960277,-2.35,3.52,3.52,661.65,-322.29,-191.68
14:49:21.062309,0.53,2.24,2.24,-26.92,226.40,-63.32
14:49:21.164119,0.85,1.67,1.67,62.07,-198.02,86.55
14:49:21.270376,0.64,1.58,1.58,17.62,-31.52,-29.60
14:49:21.373791,0.52,1.61,1.61,25.52,148.08,-79.51
14:49:21.475746,0.40,1.56,1.56,-4.24,160.12,-90.30
14:49:21.582615,0.24,1.58,1.58,-14.94,41.86,-51.52
14:49:21.685028,0.28,1.60,1.60,-40.12,-44.36,64.51
14:49:21.791902,0.46,1.63,1.63,-116.86,-14.21,100.49
14:49:21.893480,0.42,1.66,1.66,-176.10,7.20,97.16
14:49:22.000633,0.01,1.70,1.70,-230.30,-90.70,239.51
14:49:22.102550,1.00,1.49,1.49,-82.07,47.41,187.84
14:49:22.205181,0.74,1.23,1.23,53.75,255.03,101.65
14:49:22.311472,0.62,1.11,1.11,144.94,54.85,-144.97
14:49:22.418503,0.38,1.17,1.17,42.01,151.77,-439.82
14:49:22.521356,0.44,1.47,1.47,17.10,97.16,-331.62
14:49:22.627888,-0.91,4.00,4.00,475.03,-282.44,-289.94
14:49:22.730178,0.75,2.55,2.55,-77.62,-146.71,-105.06
14:49:22.832270,1.02,1.76,1.76,27.99,-46.01,61.43
14:49:22.934842,0.72,1.54,1.54,23.38,33.20,-110.82
14:49:23.041004,0.57,1.56,1.56,26.19,100.76,-179.85
14:49:23.147546,0.28,1.48,1.48,16.65,138.93,-121.13
14:49:23.249763,0.06,1.60,1.60,-55.18,85.03,58.45
14:49:23.352085,0.50,1.63,1.63,-82.10,15.06,125.76
14:49:23.454404,0.41,1.62,1.62,-99.57,49.82,94.73
14:49:23.561596,0.30,1.71,1.71,-174.30,-5.91,158.14
14:49:23.668032,0.23,1.71,1.71,-108.02,-26.65,331.71
14:49:23.770440,1.12,1.35,1.35,-20.67,615.40,253.93
14:49:23.873421,0.54,1.09,1.09,105.15,286.37,16.19
14:49:23.978951,0.65,1.19,1.19,87.04,183.26,-219.63
14:49:24.082015,0.42,1.43,1.43,69.60,220.67,-411.55
14:49:24.188558,0.58,1.47,1.47,52.62,434.18,-64.33
14:49:24.291369,-0.18,1.20,1.20,58.54,181.10,232.35
14:49:24.396880,1.37,1.87,1.87,530.40,275.98,242.01
14:49:24.499218,1.00,1.73,1.73,277.96,-142.65,192.99
14:49:24.602467,0.87,1.60,1.60,79.66,59.27,90.03
14:49:24.707912,0.81,1.58,1.58,18.69,174.70,-48.41
14:49:24.810677,0.60,1.66,1.66,38.81,91.31,-143.17
14:49:24.917570,0.38,1.53,1.53,12.35,78.66,-140.03
14:49:25.019872,0.13,1.47,1.47,-18.84,144.57,-83.57
14:49:25.122083,0.16,1.60,1.60,-66.95,181.80,44.45
14:49:25.228325,0.32,1.60,1.60,-124.33,145.15,118.99
14:49:25.334561,0.29,1.73,1.73,-195.06,55.15,197.04
14:49:25.437688,0.62,1.60,1.60,-57.47,320.09,311.98
14:49:25.539807,0.47,1.28,1.28,3.20,630.03,110.34
14:49:25.642352,0.56,1.31,1.31,4.79,130.58,-64.24
14:49:25.749363,0.50,1.38,1.38,24.70,174.79,-114.82
14:49:25.855274,0.35,1.45,1.45,33.69,227.44,-130.46
14:49:25.957287,0.20,1.48,1.48,23.75,290.46,-59.79
14:49:26.059829,0.09,1.39,1.39,56.34,196.71,56.52
14:49:26.166569,-1.28,2.32,2.32,141.77,-74.02,12.71
14:49:26.269048,0.74,2.44,2.44,96.71,206.37,-41.71
14:49:26.378360,0.89,1.63,1.63,79.60,-116.34,77.77
14:49:26.477588,0.84,1.90,1.90,-3.35,-87.32,-25.88
14:49:26.584063,0.74,1.59,1.59,-26.13,28.08,-127.35
14:49:26.686528,0.60,1.57,1.57,13.23,123.26,-137.44
14:49:26.792477,0.41,1.69,1.69,-21.16,172.74,-163.66
14:49:26.895758,-0.09,1.53,1.53,-99.51,101.04,56.22
14:49:26.998185,0.43,1.65,1.65,-130.24,62.53,169.76
14:49:27.104260,0.47,1.68,1.68,-180.73,37.74,138.75
14:49:27.211012,0.41,1.64,1.64,-180.85,105.98,360.52
14:49:27.313479,0.84,1.36,1.36,-64.73,489.82,240.70
14:49:27.415881,0.58,1.14,1.14,101.31,137.01,10.55
14:49:27.518322,0.60,1.22,1.22,76.92,86.62,-213.05
14:49:27.624584,0.46,1.36,1.36,74.63,144.51,-350.46
14:49:27.727097,0.21,1.44,1.44,89.33,116.40,-231.49
14:49:27.833844,0.50,1.12,1.12,66.31,166.13,188.26
14:49:27.939451,2.10,-1.06,-1.06,54.63,-743.54,810.95
14:49:28.042593,0.91,1.61,1.61,170.58,-34.94,351.22
14:49:28.145049,0.69,1.60,1.60,-60.06,161.13,6.98
14:49:28.247924,0.58,1.64,1.64,11.13,18.54,-68.99
14:49:28.353944,0.62,1.59,1.59,-7.07,54.33,-74.18
14:49:28.455500,0.47,1.64,1.64,-44.02,9.12,-101.13
14:49:28.563267,0.28,1.58,1.58,-97.26,49.39,-82.41
14:49:28.665315,-0.01,1.54,1.54,-235.12,4.39,118.87
14:49:28.771800,0.14,1.82,1.82,-103.32,-131.62,215.85
14:49:28.873870,1.02,1.56,1.56,-118.93,282.99,138.14
14:49:28.976605,0.43,1.24,1.24,-71.01,166.19,1.80
14:49:29.082800,0.62,1.11,1.11,55.12,-90.03,-148.84
14:49:29.185165,0.58,1.21,1.21,143.84,33.48,-255.40
14:49:29.291701,0.39,1.40,1.40,165.18,118.93,-274.36
14:49:29.397760,0.19,1.46,1.46,208.63,130.00,-116.01
14:49:29.496830,0.35,1.34,1.34,65.49,-2.56,66.80
14:49:29.607491,-0.47,1.84,1.84,-383.51,-311.74,388.63
14:49:29.709786,0.57,1.53,1.53,156.74,-109.66,284.45
14:49:29.811597,0.65,1.82,1.82,-14.85,5.00,104.15
14:49:29.915167,0.80,1.70,1.70,-35.43,-44.88,13.54
14:49:30.020176,0.76,1.61,1.61,-46.59,62.20,-88.84
14:49:30.127625,0.47,1.58,1.58,-106.59,79.42,-127.99
14:49:30.229937,0.37,1.44,1.44,-159.12,58.57,-3.29
14:49:30.335684,-0.04,1.52,1.52,-309.97,-138.69,89.88
14:49:30.434984,0.52,1.68,1.68,47.35,-6.52,151.19
14:49:30.541582,0.48,1.34,1.34,27.65,298.96,169.76
14:49:30.643700,0.46,1.25,1.25,74.18,-32.35,-87.10
14:49:30.749678,0.61,1.22,1.22,116.01,31.46,-303.69
14:49:30.852501,0.43,1.38,1.38,186.95,57.90,-428.60
14:49:30.956125,0.32,1.53,1.53,55.09,55.27,-166.71
14:49:31.058280,0.47,1.23,1.23,97.90,73.45,78.32
14:49:31.169700,-0.62,1.41,1.41,-381.43,-159.88,717.10
14:49:31.270646,0.69,1.58,1.58,-252.59,156.04,295.76
14:49:31.372869,0.88,1.99,1.99,131.04,11.62,112.74
14:49:31.474992,0.73,1.84,1.84,68.14,-81.83,55.37
14:49:31.581629,0.68,1.60,1.60,-33.54,-13.57,-32.90
14:49:31.687917,0.55,1.58,1.58,-77.44,105.73,-76.43
14:49:31.790276,0.51,1.64,1.64,-41.77,111.49,-36.92
14:49:31.897789,0.52,1.60,1.60,-102.99,111.28,13.05
14:49:31.999700,-0.46,2.05,2.05,-188.66,-8.17,152.26
14:49:32.106040,1.10,1.59,1.59,-21.19,-135.70,187.96
14:49:32.205096,0.72,1.32,1.32,25.43,193.51,8.35
14:49:32.310897,0.53,1.31,1.31,46.40,25.00,-156.98
14:49:32.413686,0.56,1.30,1.30,50.27,18.72,-258.23
14:49:32.519483,0.46,1.33,1.33,99.18,-18.87,-306.22
14:49:32.626311,0.29,1.31,1.31,142.74,77.59,-212.96
14:49:32.725333,0.14,1.45,1.45,61.89,-6.98,-6.04
14:49:32.830863,-2.20,4.00,4.00,0.82,25.88,224.02
14:49:32.938049,0.62,2.05,2.05,-408.11,137.50,63.75
14:49:33.040327,0.79,1.79,1.79,22.50,-124.94,-10.79
14:49:33.142523,0.59,1.56,1.56,89.85,-85.06,-43.87
14:49:33.244952,0.46,1.56,1.56,37.84,0.79,-47.32
14:49:33.351497,0.57,1.60,1.60,-36.07,85.49,-28.54
14:49:33.459080,0.33,1.62,1.62,-100.49,246.37,-52.74
14:49:33.564126,-0.09,1.54,1.54,-169.12,177.59,60.55
14:49:33.667051,-0.30,1.57,1.57,-222.84,-13.20,233.51
14:49:33.769569,1.12,1.32,1.32,-26.16,-288.60,294.51
14:49:33.871259,0.80,1.17,1.17,-5.58,187.38,-70.64
14:49:33.977641,0.57,1.35,1.35,28.63,121.40,-175.09
14:49:34.084371,0.51,1.23,1.23,24.02,-27.74,-260.30
14:49:34.186699,0.43,1.38,1.38,39.94,48.75,-263.84
14:49:34.289355,0.15,1.39,1.39,27.20,127.65,-204.42
14:49:34.391859,0.09,1.34,1.34,23.02,21.31,-62.99
14:49:34.498228,-0.19,1.11,1.11,150.88,36.86,118.75
14:49:34.601162,1.49,2.11,2.11,245.49,302.74,34.70
14:49:34.706844,0.79,1.65,1.65,152.41,-143.75,114.91
14:49:34.809708,0.64,1.58,1.58,-9.51,74.21,84.24
14:49:34.912319,0.69,1.58,1.58,-1.80,75.98,24.91
14:49:35.019046,0.62,1.54,1.54,-15.76,139.76,12.87
14:49:35.120970,0.70,1.62,1.62,-14.73,73.57,2.01
14:49:35.227132,0.44,1.78,1.78,-57.16,48.69,-57.44
14:49:35.333920,0.23,1.56,1.56,-187.62,193.60,58.17
14:49:35.438056,0.12,1.99,1.99,-245.37,174.24,277.62
14:49:35.538782,0.92,1.58,1.58,-27.26,361.92,193.32
14:49:35.642206,0.56,1.24,1.24,15.52,313.54,52.87
14:49:35.747317,0.56,1.16,1.16,2.56,64.94,-154.27
14:49:35.849617,0.56,1.25,1.25,30.67,86.77,-302.74
14:49:35.957191,0.31,1.47,1.47,52.65,103.17,-270.37
14:49:36.059133,0.22,1.47,1.47,27.32,43.66,-14.57
14:49:36.161232,0.31,1.34,1.34,37.44,92.32,75.37
14:49:36.268065,0.38,1.24,1.24,159.57,172.84,19.33
14:49:36.374611,0.41,0.33,0.33,-999.02,-999.02,466.59
14:49:36.476995,0.64,1.65,1.65,251.49,20.73,443.05
14:49:36.583458,0.82,1.71,1.71,-2.41,163.69,107.07
14:49:36.685764,0.74,1.71,1.71,-54.70,59.09,19.48
14:49:36.788707,0.72,1.59,1.59,-8.41,9.88,-51.01
14:49:36.894773,0.78,1.60,1.60,-24.05,98.48,-111.68
14:49:37.000679,0.29,1.73,1.73,-134.27,297.65,-126.22
14:49:37.103920,0.05,1.41,1.41,-187.93,245.73,56.80
14:49:37.205801,0.23,1.91,1.91,-179.70,31.52,102.53
14:49:37.312979,0.92,1.57,1.57,-79.33,342.10,108.96
14:49:37.414690,0.28,1.29,1.29,153.63,84.82,-7.74
14:49:37.517332,0.41,1.31,1.31,-4.91,137.68,-83.41
14:49:37.622978,0.36,1.29,1.29,26.49,56.89,-128.63
14:49:37.725550,0.31,1.38,1.38,44.48,65.18,-94.51
14:49:37.831739,0.57,1.21,1.21,84.09,113.38,-83.99
14:49:37.934822,0.03,1.28,1.28,138.81,332.74,39.54
14:49:38.041474,3.01,3.16,3.16,958.05,-342.65,799.57
14:49:38.143431,0.32,1.42,1.42,336.59,-453.14,187.26
14:49:38.250740,0.33,1.50,1.50,-169.94,208.78,156.89
14:49:38.352831,0.63,1.67,1.67,-61.74,155.52,125.85
14:49:38.455193,0.72,1.67,1.67,10.70,68.51,79.94
14:49:38.557553,0.76,1.62,1.62,-23.96,74.76,36.98
14:49:38.664831,0.79,1.62,1.62,-33.87,32.93,-32.96
14:49:38.770834,0.64,1.61,1.61,-78.99,147.20,-55.27
14:49:38.873226,0.25,1.56,1.56,-150.46,238.60,43.38
14:49:38.979368,-0.07,1.67,1.67,-325.24,81.46,203.26
14:49:39.081818,0.91,1.41,1.41,-107.80,440.46,114.33
14:49:39.184349,0.47,1.20,1.20,78.99,32.90,-30.67
14:49:39.290969,0.55,1.26,1.26,23.54,188.08,-100.61
14:49:39.397198,0.45,1.26,1.26,101.98,161.80,-219.88
14:49:39.499895,0.25,1.39,1.39,90.15,167.13,-227.20
14:49:39.602021,0.26,1.27,1.27,72.77,66.49,-23.75
14:49:39.709382,-3.62,4.00,4.00,249.30,-26.13,215.21
14:49:39.811746,0.22,1.97,1.97,-257.20,310.76,26.71
14:49:39.913635,0.90,1.58,1.58,36.62,-173.84,78.02
14:49:40.015401,0.70,1.55,1.55,79.45,-10.06,9.33
14:49:40.122369,0.67,1.56,1.56,6.62,58.11,-61.04
14:49:40.224348,0.53,1.44,1.44,9.27,72.62,-68.02
14:49:40.331502,0.37,1.59,1.59,-53.45,139.21,-32.53
14:49:40.433314,0.29,1.61,1.61,-31.68,69.88,33.54
14:49:40.540835,0.55,1.60,1.60,-110.52,193.26,164.60
14:49:40.646870,0.52,1.85,1.85,-255.85,-139.05,75.06
14:49:40.748478,0.16,1.59,1.59,-49.91,168.75,103.35
14:49:40.851916,0.60,1.60,1.60,-76.55,362.74,324.51
14:49:40.953604,0.59,1.24,1.24,27.62,125.03,212.68
14:49:41.059605,0.76,1.13,1.13,137.84,138.78,-64.33
14:49:41.166566,0.54,1.12,1.12,88.57,258.90,-326.80
14:49:41.268852,0.36,1.56,1.56,124.66,67.65,-438.75
14:49:41.371643,0.41,1.21,1.21,27.99,213.84,152.74
14:49:41.478331,0.89,0.71,0.71,-647.84,-411.62,811.34
14:49:41.580693,0.66,1.60,1.60,118.05,-91.49,335.58
14:49:41.683040,0.98,1.59,1.59,1.40,108.14,33.45
14:49:41.789575,0.84,1.64,1.64,37.56,115.00,-59.73
14:49:41.896546,0.61,1.57,1.57,58.29,115.34,-159.60
14:49:41.998787,0.27,1.56,1.56,-20.34,126.01,-140.12
14:49:42.102459,0.15,1.53,1.53,-13.87,74.63,-60.43
14:49:42.203239,0.28,1.67,1.67,-72.65,18.14,51.80
14:49:42.314480,0.21,1.79,1.79,-165.67,-108.81,143.35
14:49:42.416208,0.14,1.66,1.66,-104.97,-89.73,231.22
14:49:42.518786,0.96,1.68,1.68,-32.84,175.18,266.80
14:49:42.621120,0.55,1.12,1.12,15.70,322.93,136.31
14:49:42.728268,0.66,1.18,1.18,133.60,-7.01,-194.60
14:49:42.834316,0.50,1.27,1.27,103.72,201.01,-364.42
14:49:42.936096,0.22,1.42,1.42,117.44,0.61,-451.95
14:49:43.039543,0.07,1.38,1.38,30.91,-86.07,-82.74
14:49:43.148566,-1.62,4.00,4.00,636.92,-581.59,-264.42
14:49:43.249047,0.63,2.17,2.17,-113.63,-26.77,-45.09
14:49:43.350335,0.93,1.72,1.72,-20.98,-80.58,85.18
14:49:43.456710,0.77,1.54,1.54,27.68,23.35,-82.01
14:49:43.559494,0.62,1.62,1.62,40.18,160.34,-115.55
14:49:43.665920,0.31,1.48,1.48,-55.24,111.01,-99.09
14:49:43.767953,0.25,1.57,1.57,-54.21,114.24,-6.34
14:49:43.875224,0.32,1.58,1.58,-67.04,-25.64,67.90
14:49:43.976901,0.32,1.65,1.65,-161.74,31.52,126.71
14:49:44.082860,0.09,1.88,1.88,-258.99,67.62,246.68
14:49:44.185397,0.56,1.49,1.49,-22.56,-105.43,208.02
14:49:44.288185,0.95,1.31,1.31,-70.03,414.21,82.50
14:49:44.393803,0.58,1.15,1.15,133.60,-51.89,-149.70
14:49:44.496854,0.62,1.17,1.17,90.82,245.52,-304.57
14:49:44.604625,0.18,1.37,1.37,134.60,86.49,-417.65
14:49:44.706149,0.12,1.54,1.54,50.70,126.86,-107.53
14:49:44.811782,-0.08,0.83,0.83,-35.58,-47.13,263.29
14:49:44.913880,1.12,2.08,2.08,230.82,158.60,70.64
14:49:45.021486,0.97,1.75,1.75,206.71,-202.44,209.57
14:49:45.119964,0.95,1.63,1.63,42.99,-67.84,23.84
14:49:45.229433,0.83,1.64,1.64,124.15,-23.93,-145.49
14:49:45.333075,0.54,1.58,1.58,23.29,187.74,-187.35
14:49:45.435073,0.02,1.61,1.61,45.91,122.96,-81.10
14:49:45.537175,0.24,1.57,1.57,-29.94,-42.41,72.47
14:49:45.643426,0.50,1.64,1.64,-107.13,75.15,108.93
14:49:45.746634,0.60,1.68,1.68,-83.60,20.70,82.20
14:49:45.853209,0.58,1.59,1.59,-263.35,48.08,97.84
14:49:45.955820,0.16,1.66,1.66,-170.52,-6.49,147.68
14:49:46.061376,0.55,1.62,1.62,30.00,-45.79,296.62
14:49:46.163879,0.69,1.32,1.32,-1.59,379.82,131.19
14:49:46.271424,0.66,1.10,1.10,99.91,136.59,-225.43
14:49:46.372997,0.70,0.89,0.89,147.90,162.62,-392.01
14:49:46.479518,-0.02,1.51,1.51,111.74,42.71,-338.14
14:49:46.577128,0.31,1.25,1.25,8.38,125.27,256.80
14:49:46.687849,1.80,0.58,0.58,883.84,-397.32,501.86
14:49:46.791363,1.11,1.52,1.52,229.91,-135.12,246.49
14:49:46.894011,0.89,1.66,1.66,74.33,102.23,32.16
14:49:46.996350,0.64,1.60,1.60,75.30,51.49,-130.95
14:49:47.102401,0.35,1.65,1.65,16.92,44.27,-155.73
14:49:47.204802,0.21,1.54,1.54,54.42,31.55,-48.32
14:49:47.307716,0.28,1.55,1.55,-32.13,62.13,48.66
14:49:47.413520,0.50,1.63,1.63,-35.37,31.28,58.66
14:49:47.519671,0.44,1.65,1.65,-139.09,71.92,68.05
14:49:47.622049,0.16,1.63,1.63,-221.71,2.62,137.01
14:49:47.728879,0.16,1.74,1.74,-99.79,-76.83,240.91
14:49:47.831540,0.95,1.43,1.43,-20.64,249.30,177.41
14:49:47.934129,0.54,1.18,1.18,74.09,178.32,143.48
14:49:48.040592,0.68,1.29,1.29,39.60,-34.12,-147.53
14:49:48.147119,0.57,1.32,1.32,-111.77,199.97,-291.46
14:49:48.248559,0.16,1.41,1.41,80.03,117.35,-362.01
14:49:48.351935,0.34,1.36,1.36,-0.43,76.19,96.25
14:49:48.458593,-0.36,1.29,1.29,-162.23,-841.68,635.27
14:49:48.559923,0.30,1.65,1.65,129.39,-31.04,268.75
14:49:48.663104,1.00,1.64,1.64,63.45,66.01,90.40
14:49:48.769545,0.81,1.65,1.65,85.70,111.16,-104.91
14:49:48.871983,0.54,1.61,1.61,29.88,122.74,-153.84
14:49:48.973926,0.31,1.47,1.47,8.35,97.90,-87.23
14:49:49.080922,0.32,1.61,1.61,27.77,86.55,-18.51
14:49:49.183275,0.32,1.62,1.62,-6.89,31.65,29.73
14:49:49.289235,0.41,1.59,1.59,-45.43,61.40,95.03
14:49:49.396268,0.39,1.70,1.70,-126.19,102.32,126.65
14:49:49.499255,0.56,1.60,1.60,-136.95,67.99,93.63
14:49:49.605245,0.04,1.63,1.63,-100.52,-22.90,176.46
14:49:49.707767,0.80,1.60,1.60,-191.80,282.13,318.54
14:49:49.809667,0.83,1.36,1.36,77.47,405.55,100.49
14:49:49.916533,0.72,1.00,1.00,206.37,142.07,-208.41
14:49:50.019432,0.54,1.11,1.11,94.66,227.01,-434.82
14:49:50.121268,0.07,1.34,1.34,96.10,98.75,-267.23
14:49:50.227752,-2.30,2.81,2.81,330.70,-256.22,-32.44
14:49:50.334278,0.68,2.18,2.18,-252.96,-53.02,-51.55
14:49:50.436573,1.02,1.73,1.73,178.14,-207.93,134.02
14:49:50.538132,0.76,1.62,1.62,80.37,-1.74,-8.84
14:49:50.641824,0.68,1.66,1.66,35.79,7.44,-117.56
14:49:50.747891,0.46,1.61,1.61,-52.32,134.39,-123.84
14:49:50.854051,0.34,1.55,1.55,-30.27,152.96,-44.88
14:49:50.953477,0.30,1.60,1.60,-67.44,76.80,0.09
14:49:51.059245,0.19,1.57,1.57,-110.91,100.58,82.29
14:49:51.166373,0.57,1.62,1.62,-107.90,69.60,170.79
14:49:51.268241,0.15,1.80,1.80,-268.45,204.42,200.95
14:49:51.370129,0.92,1.70,1.70,84.09,421.46,254.39
14:49:51.477159,0.29,1.28,1.28,-80.03,492.50,242.23
14:49:51.579405,0.58,1.30,1.30,99.94,82.90,68.48
14:49:51.686347,0.46,1.31,1.31,-8.99,184.76,-95.00
14:49:51.792553,0.29,1.36,1.36,122.87,197.90,-219.57
14:49:51.895453,0.13,1.43,1.43,131.43,114.42,-160.76
14:49:51.997572,0.25,1.19,1.19,-15.61,22.68,88.75
14:49:52.103380,-1.28,3.21,3.21,-353.69,-182.62,634.36
14:49:52.205351,0.27,2.31,2.31,151.13,-74.18,7.26
14:49:52.308251,0.99,1.67,1.67,9.57,60.34,80.64
14:49:52.415166,0.79,1.66,1.66,114.60,-58.38,-70.40
14:49:52.517721,0.60,1.50,1.50,-37.56,27.74,-211.22
14:49:52.623722,0.41,1.47,1.47,50.85,191.19,-135.15
14:49:52.726704,0.22,1.56,1.56,25.43,75.52,-40.43
14:49:52.828708,0.17,1.59,1.59,-42.35,-19.21,92.74
14:49:52.935237,0.42,1.59,1.59,-109.91,68.26,145.76
14:49:53.037444,0.71,1.84,1.84,-102.01,29.63,124.70
14:49:53.144377,0.30,1.69,1.69,-104.39,100.98,-3.20
14:49:53.250593,-0.19,1.63,1.63,-105.18,-39.21,162.07
14:49:53.352680,0.80,1.78,1.78,-158.60,357.65,464.60
14:49:53.455999,0.74,1.06,1.06,154.94,317.65,31.68
14:49:53.561976,0.49,1.18,1.18,244.48,81.34,-385.73
14:49:53.664375,0.42,1.41,1.41,124.70,130.82,-465.88
14:49:53.770288,0.08,1.47,1.47,118.11,-56.62,-203.23
14:49:53.868817,0.48,1.09,1.09,2.01,178.66,262.26
14:49:53.975892,1.64,1.42,1.42,998.99,71.55,295.43
14:49:54.081877,0.65,1.64,1.64,253.23,-117.29,111.86
14:49:54.184203,0.64,1.58,1.58,67.16,-43.05,48.63
14:49:54.286694,0.55,1.55,1.55,-3.57,-9.45,-85.55
14:49:54.394173,0.52,1.64,1.64,-8.66,65.37,-86.07
14:49:54.496760,0.31,1.50,1.50,-7.71,82.71,-58.35
14:49:54.603046,0.35,1.61,1.61,-27.99,47.32,-3.45
14:49:54.705012,0.35,1.59,1.59,-52.32,49.54,-0.03
14:49:54.807910,0.09,1.59,1.59,-149.27,4.09,113.29
14:49:54.914121,0.87,1.24,1.24,-335.49,96.19,166.86
14:49:55.019375,0.04,1.75,1.75,-138.02,108.08,136.95
14:49:55.123231,0.46,1.64,1.64,-50.34,-156.74,227.01
14:49:55.225322,0.59,1.41,1.41,-56.16,412.99,209.91
14:49:55.331107,0.72,1.26,1.26,115.12,54.97,-61.86
14:49:55.434241,0.60,1.05,1.05,165.09,97.20,-291.95
14:49:55.540620,0.37,1.40,1.40,133.66,120.27,-494.09
14:49:55.642348,0.11,1.40,1.40,52.20,69.97,-192.90
14:49:55.749950,-0.78,3.98,3.98,497.68,-443.26,-46.04
14:49:55.856364,0.69,2.28,2.28,-213.02,-206.98,-46.10
14:49:55.954267,0.99,1.82,1.82,-4.63,-20.85,147.84
14:49:56.060959,0.83,1.60,1.60,118.51,-125.37,-49.91
14:49:56.163219,0.47,1.62,1.62,46.65,12.99,-146.83
14:49:56.265971,0.26,1.61,1.61,14.70,72.84,-72.93
14:49:56.372525,0.35,1.54,1.54,-24.85,28.45,-3.99
14:49:56.475015,0.26,1.59,1.59,-54.09,51.31,90.27
14:49:56.580585,0.46,1.54,1.54,-135.12,-36.16,107.87
14:49:56.689618,0.29,1.64,1.64,-173.26,-103.48,178.11
14:49:56.789798,0.26,1.55,1.55,-36.83,-253.57,258.60
14:49:56.895904,0.70,1.34,1.34,-169.63,315.34,200.27
14:49:56.999081,0.85,1.14,1.14,122.90,-4.91,-135.58
14:49:57.100806,0.82,1.04,1.04,127.56,121.98,-382.23
14:49:57.208356,0.46,1.34,1.34,116.71,247.20,-643.75
14:49:57.310071,-0.01,1.50,1.50,44.57,18.60,-341.95
14:49:57.412530,0.19,1.46,1.46,29.63,-52.32,213.45
14:49:57.518368,1.73,1.12,1.12,553.75,-377.07,229.54
14:49:57.621519,0.84,1.66,1.66,226.92,-34.60,206.13
14:49:57.724083,0.77,1.65,1.65,111.71,-9.48,3.81
14:49:57.830886,0.56,1.72,1.72,-22.26,98.51,-205.09
14:49:57.937255,0.10,1.50,1.50,-57.84,174.18,-108.38
14:49:58.035254,0.01,1.49,1.49,-2.16,-27.62,4.27
14:49:58.141921,0.21,1.57,1.57,-92.47,-36.71,145.21
14:49:58.248119,0.56,1.63,1.63,-177.99,109.66,160.98
14:49:58.355290,0.54,1.61,1.61,-274.70,-94.48,165.76
14:49:58.453378,0.28,1.58,1.58,4.45,-64.63,228.38
14:49:58.559750,0.86,1.65,1.65,-20.88,435.79,366.04
14:49:58.662440,0.64,1.05,1.05,111.19,162.20,65.27
14:49:58.768529,0.69,1.11,1.11,225.64,391.19,-196.95
14:49:58.874994,0.28,1.36,1.36,169.42,409.30,-466.55
14:49:58.977349,0.10,1.23,1.23,-81.98,339.63,-150.46
14:49:59.084977,-2.00,2.01,2.01,-276.07,-472.29,222.44
14:49:59.186319,0.03,1.49,1.49,-169.33,255.61,272.93
14:49:59.289316,0.99,1.63,1.63,98.32,24.15,155.79
14:49:59.391764,0.71,1.57,1.57,198.14,56.16,-89.12
14:49:59.497430,0.38,1.68,1.68,77.29,86.55,-161.95
14:49:59.599892,0.34,1.55,1.55,80.46,127.93,-73.45
14:49:59.702507,0.10,1.60,1.60,-7.23,214.39,1.92
14:49:59.808754,0.15,1.59,1.59,-24.21,38.17,66.92
14:49:59.915507,0.30,1.60,1.60,-51.74,57.80,148.26
14:50:00.017182,0.60,1.64,1.64,-26.04,39.24,119.45
14:50:00.120649,0.58,1.61,1.61,-85.82,90.95,100.61
14:50:00.226853,0.51,1.56,1.56,-126.74,203.96,150.15
14:50:00.333307,0.24,1.94,1.94,-121.22,203.84,319.51
14:50:00.434896,1.22,1.62,1.62,37.20,365.00,307.56
14:50:00.537594,0.69,1.25,1.25,237.32,541.74,82.20
14:50:00.643968,0.54,0.99,0.99,83.72,106.52,-214.36
14:50:00.746997,0.35,1.39,1.39,10.18,342.62,-332.90
14:50:00.853579,0.25,1.40,1.40,142.13,-95.95,-178.45
14:50:00.956038,-0.78,2.28,2.28,16.43,58.05,-24.63
14:50:01.061952,1.16,2.08,2.08,-427.41,305.91,23.81
14:50:01.164934,0.99,1.65,1.65,115.61,-132.84,95.91
14:50:01.266605,0.83,1.53,1.53,83.90,53.87,-90.49
14:50:01.373969,0.42,1.57,1.57,16.92,107.59,-132.07
14:50:01.475865,0.30,1.57,1.57,40.09,123.11,-40.61
14:50:01.578302,0.38,1.61,1.61,15.06,88.72,76.86
14:50:01.684546,0.46,1.61,1.61,-56.25,46.01,76.07
14:50:01.787428,0.52,1.64,1.64,-52.07,76.95,106.37
14:50:01.894136,0.61,1.58,1.58,-125.82,61.07,105.18
14:50:01.996154,0.51,1.73,1.73,-273.93,53.29,110.43
14:50:02.102081,0.32,1.62,1.62,-93.23,167.10,239.57
14:50:02.205642,0.74,1.33,1.33,-43.23,522.29,416.52
14:50:02.307874,0.64,0.95,0.95,86.25,116.55,137.04
14:50:02.414838,0.74,1.10,1.10,181.31,60.55,-153.96
14:50:02.520922,0.46,1.26,1.26,144.94,371.28,-416.01
14:50:02.623053,0.35,1.60,1.60,315.34,418.29,-487.04
14:50:02.724890,0.13,1.55,1.55,-64.70,66.49,-46.59
14:50:02.832386,0.53,1.12,1.12,-548.51,-452.56,317.53
14:50:02.938056,0.45,1.50,1.50,-356.01,115.09,387.47
14:50:03.036887,0.94,1.70,1.70,42.71,16.52,282.93
14:50:03.142444,0.93,1.57,1.57,15.73,-21.22,127.96
14:50:03.245384,0.87,1.51,1.51,12.44,39.91,-64.42
14:50:03.352583,0.69,1.54,1.54,-67.16,6.95,-172.04
14:50:03.454773,0.37,1.53,1.53,-35.73,67.20,-193.51
14:50:03.561397,0.13,1.51,1.51,-42.07,53.08,-55.79
14:50:03.663579,0.11,1.58,1.58,-147.96,33.78,128.93
14:50:03.770143,0.06,2.06,2.06,-268.63,138.23,371.65
14:50:03.871612,0.55,1.39,1.39,57.84,23.11,239.33
14:50:03.975488,0.52,1.29,1.29,-66.19,292.20,96.59
14:50:04.081318,0.70,1.24,1.24,124.60,-0.98,-65.88
14:50:04.184739,0.71,1.16,1.16,146.37,82.84,-286.65
14:50:04.290038,0.38,1.24,1.24,206.04,131.37,-529.24
14:50:04.393090,0.41,1.23,1.23,79.30,65.40,-233.32
14:50:04.500809,-0.74,1.64,1.64,-951.74,116.86,998.99
14:50:04.601266,0.59,1.65,1.65,-194.79,-68.48,428.81
14:50:04.703866,1.00,1.61,1.61,32.90,44.05,96.28
14:50:04.810005,0.82,1.67,1.67,26.40,-2.29,-107.80
14:50:04.917226,0.61,1.49,1.49,10.82,-25.67,-158.75
14:50:05.015305,0.23,1.53,1.53,4.97,112.90,-74.73
14:50:05.121204,0.28,1.56,1.56,-92.84,96.04,39.51
14:50:05.228206,0.37,1.62,1.62,-152.90,6.74,125.49
14:50:05.334819,-0.01,1.69,1.69,-262.68,114.54,273.84
14:50:05.437540,0.77,1.54,1.54,-39.33,-101.52,219.15
14:50:05.540001,0.58,1.35,1.35,29.27,364.51,217.93
14:50:05.641351,0.74,1.11,1.11,120.37,56.65,-67.13
14:50:05.748531,0.68,1.13,1.13,169.79,172.16,-275.98
14:50:05.855731,0.34,1.37,1.37,179.36,201.07,-473.93
14:50:05.957431,0.12,1.41,1.41,220.70,242.07,-230.12
14:50:06.059606,0.20,1.31,1.31,49.85,127.84,243.29
14:50:06.166659,1.87,-0.99,-0.99,98.32,-906.34,574.79
14:50:06.268693,0.86,1.37,1.37,268.87,-17.96,343.84
14:50:06.371387,0.75,1.63,1.63,135.27,124.36,72.62
14:50:06.477784,0.63,1.65,1.65,-14.82,109.97,-48.75
14:50:06.580012,0.54,1.54,1.54,51.86,124.18,-27.20
14:50:06.682234,0.47,1.57,1.57,12.41,79.36,0.09
14:50:06.788670,0.37,1.63,1.63,-23.66,124.73,54.57
14:50:06.890889,0.44,1.60,1.60,-66.40,28.60,96.13
14:50:06.997782,0.42,1.59,1.59,-142.65,-57.84,152.44
14:50:07.104854,0.15,1.83,1.83,-208.35,13.69,323.60
14:50:07.207051,1.05,1.57,1.57,14.88,362.59,334.76
14:50:07.309177,0.56,1.05,1.05,-71.49,611.89,119.30
14:50:07.415107,0.83,0.99,0.99,165.82,156.65,-224.66
14:50:07.521366,0.37,1.26,1.26,100.34,491.07,-415.85
14:50:07.620417,0.44,1.42,1.42,70.82,454.57,-50.91
14:50:07.726655,-0.01,1.15,1.15,98.08,230.49,194.12
14:50:07.833319,1.46,1.60,1.60,280.12,707.74,181.62
14:50:07.935454,1.09,1.76,1.76,484.79,-128.72,185.79
14:50:08.037498,0.81,1.69,1.69,110.09,49.33,1.89
14:50:08.145863,0.67,1.61,1.61,-21.49,37.32,-113.32
14:50:08.247050,0.49,1.59,1.59,9.63,-16.34,-138.41
14:50:08.349348,0.41,1.61,1.61,-3.54,94.73,-56.31
14:50:08.456251,0.41,1.59,1.59,-27.68,84.73,13.69
14:50:08.562296,0.20,1.56,1.56,-102.62,91.31,116.89
14:50:08.664931,0.20,1.74,1.74,-201.89,80.06,248.14
14:50:08.771230,0.52,1.83,1.83,-195.24,274.42,411.74
14:50:08.874254,0.99,1.19,1.19,120.79,239.09,98.57
14:50:08.980362,0.45,1.11,1.11,177.41,359.12,-165.30
14:50:09.083115,0.62,1.30,1.30,216.22,212.53,-309.63
14:50:09.185299,0.28,1.46,1.46,-83.08,416.98,-192.56
14:50:09.286965,0.33,1.23,1.23,15.06,164.27,106.31
14:50:09.394153,-4.00,4.00,4.00,18.93,100.73,-688.90
14:50:09.501322,0.22,2.19,2.19,-502.68,471.59,109.70
14:50:09.603055,0.86,1.73,1.73,-111.34,-14.27,120.30
14:50:09.704963,0.69,1.59,1.59,64.54,-96.07,-55.40
14:50:09.811533,0.57,1.50,1.50,-27.59,36.55,-131.40
14:50:09.914387,0.36,1.54,1.54,-3.69,247.23,-58.14
14:50:10.016584,0.30,1.58,1.58,-63.96,107.87,-5.46
14:50:10.123099,0.26,1.58,1.58,-61.40,50.03,49.60
14:50:10.225148,0.16,1.59,1.59,-163.14,86.25,156.71
14:50:10.332313,0.50,1.74,1.74,-304.02,219.88,324.85
14:50:10.434637,0.95,1.58,1.58,52.47,225.06,274.18
14:50:10.541165,0.26,1.36,1.36,-103.23,766.68,264.42
14:50:10.643687,0.65,1.22,1.22,177.71,40.67,-58.90
14:50:10.750598,0.60,1.13,1.13,78.26,234.09,-280.37
14:50:10.852433,0.20,1.46,1.46,-54.33,35.91,-430.73
14:50:10.954545,-0.02,1.38,1.38,73.84,77.99,-60.21
14:50:11.061819,-1.50,3.12,3.12,157.13,-143.35,-75.85
14:50:11.163619,0.82,1.93,1.93,-294.76,100.09,34.60
14:50:11.269532,0.90,1.70,1.70,131.49,-100.09,137.50
14:50:11.372090,0.76,1.60,1.60,97.71,-2.04,-40.79
14:50:11.474637,0.51,1.59,1.59,11.71,65.52,-113.69
14:50:11.582007,0.35,1.53,1.53,-12.84,114.21,-70.21
14:50:11.683923,0.42,1.59,1.59,-48.11,97.13,4.97
14:50:11.790439,0.23,1.59,1.59,-75.91,-48.26,95.15
14:50:11.892828,0.45,1.63,1.63,-172.32,26.83,198.51
14:50:12.000250,0.15,1.77,1.77,-248.81,-40.76,215.34
14:50:12.101375,0.79,1.46,1.46,-60.79,16.62,200.70
14:50:12.208297,0.51,1.25,1.25,-122.53,351.40,118.11
14:50:12.310710,0.75,1.22,1.22,152.23,16.07,-96.89
14:50:12.417233,0.61,1.24,1.24,151.07,294.66,-276.13
14:50:12.519883,0.47,1.41,1.41,113.02,117.62,-428.14
14:50:12.622027,0.07,1.41,1.41,161.07,33.26,-380.58
14:50:12.724006,0.19,1.32,1.32,93.05,-61.04,89.02
14:50:12.835307,0.93,0.71,0.71,-693.48,-992.90,518.81
14:50:12.933539,0.62,1.67,1.67,28.23,-41.68,370.70
14:50:13.039256,0.84,1.68,1.68,7.80,247.23,174.24
14:50:13.146257,0.84,1.64,1.64,-25.55,164.70,-55.30
14:50:13.248666,0.57,1.69,1.69,2.13,-49.33,-152.23
14:50:13.351145,0.38,1.54,1.54,13.29,43.51,-106.31
14:50:13.453807,0.24,1.58,1.58,-35.52,23.26,3.93
14:50:13.559669,0.37,1.56,1.56,-85.21,-27.99,73.35
14:50:13.667500,0.46,1.69,1.69,-130.67,-17.41,108.11
14:50:13.772559,-0.04,1.67,1.67,-296.74,-27.87,214.09
14:50:13.871673,0.67,1.55,1.55,-5.27,-60.67,323.51
14:50:13.978501,0.81,1.07,1.07,119.85,321.22,105.37
14:50:14.084809,0.58,1.22,1.22,260.55,141.31,-204.63
14:50:14.186865,0.67,1.18,1.18,139.33,355.85,-372.56
14:50:14.293021,0.35,1.36,1.36,160.40,195.24,-251.89
14:50:14.391365,0.39,1.23,1.23,-48.60,160.64,34.51
14:50:14.502384,1.83,-0.52,-0.52,583.45,-774.09,505.67
14:50:14.604424,0.87,1.50,1.50,97.77,-108.48,247.96
14:50:14.702200,0.81,1.64,1.64,27.23,19.60,33.75
14:50:14.809374,0.64,1.65,1.65,11.86,0.64,-130.79
14:50:14.911520,0.45,1.54,1.54,-0.09,5.46,-136.22
14:50:15.018320,0.27,1.48,1.48,34.02,111.01,-35.34
14:50:15.120983,0.18,1.61,1.61,-39.27,129.63,56.16
14:50:15.227188,0.51,1.61,1.61,-52.04,51.95,92.20
14:50:15.333299,0.34,1.63,1.63,-131.25,54.82,103.17
14:50:15.435549,0.24,1.72,1.72,-203.57,17.07,260.61
14:50:15.538661,0.52,1.61,1.61,-17.90,-2.71,325.30
14:50:15.645137,1.01,1.42,1.42,-46.10,628.66,228.05
14:50:15.747399,0.72,1.05,1.05,162.38,217.77,-56.28
14:50:15.853930,0.66,1.12,1.12,60.30,329.76,-281.65
14:50:15.955773,0.29,1.45,1.45,129.51,272.65,-323.02
14:50:16.058996,0.12,1.43,1.43,31.55,394.36,6.92
14:50:16.165652,-2.34,2.91,2.91,290.21,26.59,-62.35
14:50:16.267932,0.63,2.34,2.34,-999.02,804.12,-8.51
14:50:16.374153,0.97,1.78,1.78,460.82,-187.16,165.79
14:50:16.477098,0.77,1.68,1.68,108.69,-79.76,22.84
14:50:16.580137,0.61,1.60,1.60,4.60,5.88,-38.41
14:50:16.685073,0.62,1.61,1.61,-40.85,70.03,-74.18
14:50:16.787634,0.51,1.60,1.60,-22.65,71.22,-79.45
14:50:16.893265,0.32,1.54,1.54,-56.98,94.18,-47.71
14:50:16.997398,0.28,1.57,1.57,-103.17,89.12,23.11
14:50:17.102643,0.08,1.96,1.96,-137.47,-134.05,88.99
14:50:17.205477,0.12,1.68,1.68,-45.85,-117.01,251.01
14:50:17.312091,0.85,1.51,1.51,-109.36,446.04,245.70
14:50:17.414603,0.60,0.98,0.98,61.46,342.01,48.26
14:50:17.520573,0.68,1.20,1.20,58.54,113.45,-198.93
14:50:17.623499,0.44,1.31,1.31,104.36,407.53,-267.74
14:50:17.725888,0.19,1.38,1.38,98.08,254.21,-150.18
14:50:17.832180,0.36,1.10,1.10,27.38,249.91,230.91
14:50:17.938576,1.90,0.43,0.43,-999.02,-999.02,608.90
14:50:18.043453,0.87,1.63,1.63,135.46,-129.91,369.18
14:50:18.143338,0.80,1.60,1.60,137.16,-9.09,61.25
14:50:18.247995,0.60,1.66,1.66,60.27,-10.34,-99.30
14:50:18.351469,0.35,1.61,1.61,71.25,32.38,-102.62
14:50:18.455043,0.31,1.53,1.53,-14.88,70.03,-51.98
14:50:18.561674,0.24,1.62,1.62,-43.26,139.63,-16.04
14:50:18.664394,0.26,1.61,1.61,-79.94,62.68,24.91
14:50:18.766175,0.27,1.63,1.63,-138.69,44.70,99.73
14:50:18.873534,0.34,1.67,1.67,-164.76,-23.78,210.79
14:50:18.979450,0.32,1.54,1.54,-57.16,-231.86,267.90
14:50:19.081676,0.80,1.61,1.61,-102.29,331.62,324.24
14:50:19.183748,0.65,1.14,1.14,6.49,255.03,82.74
14:50:19.293131,0.52,1.27,1.27,117.10,305.82,-147.77
14:50:19.393572,0.15,1.22,1.22,59.12,180.18,-295.15
14:50:19.499241,0.41,1.28,1.28,85.12,167.26,-141.10
14:50:19.601967,-1.26,3.46,3.46,-359.02,5.37,896.74
14:50:19.707836,0.43,2.04,2.04,-990.06,86.31,193.17
14:50:19.809966,0.81,1.59,1.59,-47.59,-0.21,27.41
14:50:19.913680,0.55,1.56,1.56,13.26,-50.95,-164.70
14:50:20.020040,0.34,1.49,1.49,9.05,118.02,-108.23
14:50:20.122174,0.25,1.59,1.59,-4.48,102.80,-47.53
14:50:20.224572,0.33,1.59,1.59,-76.40,114.70,-6.37
14:50:20.330822,0.25,1.54,1.54,-52.96,21.04,16.43
14:50:20.437885,-0.10,1.95,1.95,-100.46,-85.15,125.64
14:50:20.540207,0.00,1.66,1.66,-151.22,-92.90,272.71
14:50:20.645047,0.94,1.60,1.60,59.42,-119.73,230.88
14:50:20.748752,0.66,1.21,1.21,-52.71,407.38,102.84
14:50:20.851244,0.70,1.14,1.14,90.00,82.32,-189.36
14:50:20.957618,0.51,1.17,1.17,117.26,318.72,-351.80
14:50:21.060666,0.24,1.37,1.37,183.17,93.32,-418.69
14:50:21.162668,0.06,1.21,1.21,38.32,-30.91,-38.54
14:50:21.273121,1.07,-0.98,-0.98,-999.02,-554.12,621.46
14:50:21.371941,0.88,1.43,1.43,479.70,-94.66,438.02
14:50:21.473771,0.94,1.53,1.53,8.60,96.16,88.60
14:50:21.579892,0.71,1.57,1.57,52.47,82.74,-50.27
14:50:21.682488,0.48,1.61,1.61,30.00,67.47,-135.00
14:50:21.789023,0.31,1.57,1.57,-41.10,54.88,-97.35
14:50:21.895173,0.24,1.58,1.58,-61.62,125.88,-26.31
14:50:21.993448,0.29,1.58,1.58,-70.85,-9.97,26.25
14:50:22.104067,0.14,1.63,1.63,-112.16,-149.66,85.55
14:50:22.206952,0.36,1.72,1.72,-333.81,-1.25,234.94
14:50:22.312946,0.33,1.44,1.44,-108.26,-114.12,231.80
14:50:22.415347,0.86,1.67,1.67,-309.42,402.29,271.59
14:50:22.518296,0.68,1.05,1.05,240.30,238.11,67.26
14:50:22.624798,0.60,1.13,1.13,138.69,192.04,-250.09
14:50:22.726668,0.47,1.22,1.22,170.88,170.88,-537.65
14:50:22.833467,0.13,1.48,1.48,225.27,203.26,-255.58
14:50:22.939884,-4.00,4.00,4.00,998.99,-740.46,-251.37
14:50:23.042556,0.14,2.55,2.55,-718.35,354.57,-25.46
14:50:23.145322,0.87,1.76,1.76,-72.84,-13.17,171.74
14:50:23.243630,0.77,1.64,1.64,24.42,-68.08,6.43
14:50:23.353649,0.55,1.51,1.51,-27.56,-5.91,-119.88
14:50:23.455483,0.46,1.57,1.57,32.96,70.30,-124.91
14:50:23.558984,0.35,1.56,1.56,-22.38,47.32,-66.49
14:50:23.665232,0.34,1.55,1.55,-33.66,103.69,-36.86
14:50:23.767777,0.23,1.69,1.69,-75.58,155.95,44.02
14:50:23.873722,-0.28,1.66,1.66,-208.14,-149.02,188.75
14:50:23.980012,-0.34,1.54,1.54,-210.55,-110.34,280.37
14:50:24.078993,1.25,1.48,1.48,79.66,257.26,257.59
14:50:24.185651,0.68,1.10,1.10,80.34,441.83,93.35
14:50:24.287988,0.59,1.20,1.20,59.94,268.57,-171.59
14:50:24.394820,0.44,1.34,1.34,133.75,340.98,-255.00
14:50:24.501526,-0.04,1.29,1.29,-12.41,400.85,-35.06
14:50:24.607118,-2.62,4.00,4.00,710.82,-256.04,-268.93
14:50:24.709849,0.86,2.68,2.68,-600.64,-138.75,-253.08
14:50:24.807791,1.01,1.83,1.83,59.12,-59.15,100.37
14:50:24.914664,0.71,1.57,1.57,39.54,30.98,-39.30
14:50:25.021207,0.60,1.67,1.67,-40.76,56.04,-193.48
14:50:25.123054,0.26,1.40,1.40,21.40,-12.93,-185.21
14:50:25.225264,0.17,1.53,1.53,-9.63,82.96,-7.68
14:50:25.332546,0.25,1.57,1.57,-113.11,87.47,54.36
14:50:25.435546,0.31,1.61,1.61,-76.31,67.47,67.47
14:50:25.541271,0.27,1.57,1.57,-168.29,-25.00,178.84
14:50:25.644200,0.23,1.56,1.56,-246.92,232.04,242.84
14:50:25.747782,0.55,1.53,1.53,47.29,91.07,209.91
14:50:25.852724,0.80,1.43,1.43,-48.35,461.86,293.57
14:50:25.955590,0.61,1.17,1.17,117.20,196.31,85.18
14:50:26.061792,0.55,1.15,1.15,87.56,238.60,-79.18
14:50:26.163745,0.35,1.22,1.22,113.02,263.84,-233.23
14:50:26.270400,0.29,1.42,1.42,130.95,232.01,-187.04
14:50:26.377104,-1.64,2.59,2.59,390.37,279.36,-129.15
14:50:26.479630,0.99,2.77,2.77,-999.02,438.14,-57.38
14:50:26.581597,1.09,1.75,1.75,362.20,-237.68,155.58
14:50:26.683734,0.68,1.55,1.55,43.93,-60.49,4.02
14:50:26.790640,0.57,1.61,1.61,-58.69,124.85,-72.04
14:50:26.892935,0.57,1.57,1.57,-14.09,74.27,-99.91
14:50:26.999780,0.48,1.53,1.53,-31.28,72.07,-108.41
14:50:27.102317,0.21,1.52,1.52,-62.07,49.60,-65.40
14:50:27.210840,0.02,1.62,1.62,-219.54,136.86,101.43
14:50:27.311566,-0.04,1.79,1.79,-297.59,322.93,355.27
14:50:27.415996,0.99,1.41,1.41,78.84,295.82,267.23
14:50:27.519643,0.56,1.25,1.25,138.78,267.44,192.77
14:50:27.622844,0.54,1.13,1.13,155.91,180.06,13.45
14:50:27.728589,0.53,1.28,1.28,122.68,252.93,-180.95
14:50:27.831286,0.36,1.40,1.40,129.36,197.59,-279.33
14:50:27.936863,0.15,1.61,1.61,58.08,398.14,-103.17
14:50:28.040131,0.04,1.11,1.11,14.51,169.33,180.95
14:50:28.148294,-2.00,2.47,2.47,546.62,-201.95,113.78
14:50:28.249530,0.81,2.65,2.65,830.98,-268.08,-167.93
14:50:28.351489,0.87,1.67,1.67,51.71,-83.57,76.22
14:50:28.454193,0.65,1.54,1.54,-53.87,-16.25,8.57
14:50:28.560310,0.60,1.53,1.53,-84.91,16.52,-91.95
14:50:28.662932,0.49,1.60,1.60,-55.18,96.98,-99.21
14:50:28.769331,0.39,1.56,1.56,-124.97,79.39,-65.00
14:50:28.872274,0.19,1.52,1.52,-173.63,108.75,25.49
14:50:28.977577,0.16,1.98,1.98,-185.82,35.76,232.77
14:50:29.080512,0.63,1.73,1.73,13.29,147.26,266.34
14:50:29.187309,0.57,1.15,1.15,-27.29,173.93,247.32
14:50:29.284957,0.49,1.10,1.10,10.67,71.55,22.50
14:50:29.395598,0.48,1.19,1.19,88.26,-12.47,-195.91
14:50:29.498219,0.40,1.32,1.32,120.73,100.21,-353.66
14:50:29.599796,0.15,1.44,1.44,89.91,74.85,-315.37
14:50:29.707464,0.15,1.30,1.30,63.63,-37.87,-80.95
14:50:29.810430,0.47,1.03,1.03,56.49,101.74,204.36
14:50:29.916611,2.41,0.02,0.02,998.99,-879.94,570.70
14:50:30.018976,0.94,1.31,1.31,204.33,-236.74,253.17
14:50:30.120870,0.65,1.60,1.60,0.85,97.99,20.85
14:50:30.227898,0.68,1.64,1.64,-42.13,134.88,-26.19
14:50:30.329825,0.62,1.62,1.62,33.41,24.42,-100.03
14:50:30.436315,0.48,1.54,1.54,-46.95,49.85,-91.22
14:50:30.539519,0.23,1.49,1.49,-72.44,41.40,-33.51
14:50:30.645555,-0.01,1.59,1.59,-194.18,26.40,153.29
14:50:30.756214,-0.24,1.66,1.66,-228.14,-53.38,341.19
14:50:30.853676,1.04,1.53,1.53,-123.96,114.48,209.45
14:50:30.955946,0.65,1.24,1.24,11.13,159.48,-2.32
14:50:31.063054,0.65,1.25,1.25,121.83,-25.55,-196.22
14:50:31.165425,0.60,1.22,1.22,138.93,163.84,-301.01
14:50:31.271823,0.20,1.41,1.41,207.23,128.75,-365.43
14:50:31.374758,0.18,1.32,1.32,50.79,27.84,-150.15
14:50:31.472897,0.33,0.96,0.96,30.61,83.02,12.68
14:50:31.583111,1.20,1.83,1.83,887.80,651.13,143.72
14:50:31.686126,1.02,1.76,1.76,291.83,-65.67,132.53
14:50:31.788856,0.59,1.68,1.68,31.74,40.15,-26.83
14:50:31.893984,0.52,1.63,1.63,-42.80,153.20,-62.32
14:50:31.997221,0.43,1.53,1.53,-51.16,23.93,-83.57
14:50:32.098674,0.28,1.56,1.56,-16.74,26.71,-8.93
14:50:32.205921,0.37,1.54,1.54,-58.08,-27.80,72.01
14:50:32.312326,0.33,1.62,1.62,-237.13,57.32,158.51
14:50:32.414874,0.18,1.46,1.46,-310.79,40.70,241.95
14:50:32.517506,0.67,1.54,1.54,-39.09,226.62,190.61
14:50:32.619837,0.65,1.01,1.01,5.67,151.28,108.54
14:50:32.726108,0.56,1.07,1.07,45.46,135.00,-144.36
14:50:32.832738,0.58,1.20,1.20,66.19,160.88,-348.11
14:50:32.935161,0.35,1.36,1.36,50.06,233.26,-239.82
14:50:33.037426,0.27,1.20,1.20,48.20,135.49,-51.71
14:50:33.143922,0.21,1.27,1.27,5.73,250.70,172.10
14:50:33.250544,2.51,-0.62,-0.62,998.99,-999.02,686.07
14:50:33.352631,0.90,1.30,1.30,322.68,-168.29,355.40
14:50:33.455123,0.79,1.41,1.41,11.89,116.19,32.56
14:50:33.561021,0.69,1.74,1.74,-3.08,168.96,-48.60
14:50:33.663908,0.46,1.51,1.51,-48.23,113.35,-78.78
14:50:33.766718,0.32,1.55,1.55,-63.78,41.89,4.91
14:50:33.873216,0.37,1.53,1.53,-72.77,46.86,87.96
14:50:33.979026,0.30,1.58,1.58,-135.58,108.99,189.21
14:50:34.082167,0.41,1.93,1.93,-280.55,5.49,289.33
14:50:34.183812,0.94,1.24,1.24,18.81,337.59,186.16
14:50:34.291441,0.57,1.19,1.19,44.51,536.31,148.20
14:50:34.393466,0.60,1.16,1.16,90.40,125.30,-35.55
14:50:34.499634,0.48,1.23,1.23,-18.57,213.32,-171.71
14:50:34.601978,0.45,1.20,1.20,77.29,160.30,-226.52
14:50:34.704649,0.20,1.28,1.28,49.79,251.77,-94.02
14:50:34.810781,0.37,1.25,1.25,92.99,158.32,169.97
14:50:34.918488,1.59,0.72,0.72,998.99,-474.70,697.71
14:50:35.019657,1.00,1.40,1.40,-20.82,-114.57,274.82
14:50:35.118477,0.77,1.68,1.68,41.95,44.60,64.63
14:50:35.224977,0.66,1.56,1.56,-11.16,38.45,-60.52
14:50:35.331570,0.60,1.72,1.72,33.08,55.09,-100.67
14:50:35.433897,0.34,1.49,1.49,-4.09,135.82,-39.70
14:50:35.540376,0.33,1.58,1.58,-13.23,102.32,40.49
14:50:35.646565,0.30,1.57,1.57,-104.15,119.09,134.24
14:50:35.749316,0.41,1.77,1.77,-264.54,-10.34,136.83
14:50:35.851301,0.46,1.62,1.62,-22.23,-61.28,197.87
14:50:35.957894,0.75,1.51,1.51,-75.18,496.52,246.46
14:50:36.056182,0.51,1.16,1.16,21.92,99.21,-1.31
14:50:36.163299,0.68,1.16,1.16,52.41,133.17,-230.34
14:50:36.269757,0.35,1.26,1.26,124.15,271.80,-372.62
14:50:36.372304,0.27,1.35,1.35,13.72,219.85,-166.52
14:50:36.478435,0.30,1.26,1.26,32.32,158.81,178.96
14:50:36.584960,0.25,0.37,0.37,-708.02,-999.02,612.32
14:50:36.682649,0.22,1.71,1.71,41.10,-42.44,266.16
14:50:36.789777,0.86,1.65,1.65,20.06,141.46,53.87
14:50:36.896024,0.58,1.83,1.83,189.18,-94.97,-130.79
14:50:36.998656,0.27,1.61,1.61,53.08,-52.62,-112.29
14:50:37.100114,0.28,1.55,1.55,-3.41,43.17,-8.69
14:50:37.203262,0.35,1.55,1.55,-56.01,69.85,70.34
14:50:37.309614,0.49,1.60,1.60,-90.91,55.46,97.71
14:50:37.416391,0.40,1.62,1.62,-151.43,31.59,138.20
14:50:37.518573,0.15,1.71,1.71,-156.10,56.07,329.18
14:50:37.620919,0.92,1.51,1.51,26.49,147.13,269.12
14:50:37.727383,0.59,1.16,1.16,-10.18,431.83,137.01
14:50:37.834227,0.65,1.15,1.15,194.76,145.70,-179.73
14:50:37.936631,0.50,1.20,1.20,40.30,229.54,-397.71
14:50:38.038741,0.21,1.31,1.31,29.97,2.93,-349.09
14:50:38.140845,0.19,1.22,1.22,-27.71,64.30,-10.06
14:50:38.253870,0.53,-0.32,-0.32,-836.19,-745.09,697.32
14:50:38.354523,0.56,1.70,1.70,303.41,-293.29,292.35
14:50:38.453418,0.79,1.58,1.58,37.84,162.80,39.27
14:50:38.559972,0.68,1.74,1.74,28.51,77.10,-110.37
14:50:38.662357,0.35,1.49,1.49,0.21,30.37,-111.92
14:50:38.764158,0.31,1.56,1.56,10.18,9.54,-37.96
14:50:38.870111,0.26,1.53,1.53,-61.34,14.45,16.22
14:50:38.977180,0.21,1.61,1.61,-141.01,84.63,66.74
14:50:39.079550,0.02,1.81,1.81,-209.18,-5.40,291.19
14:50:39.185502,0.91,1.61,1.61,10.82,-73.08,277.84
14:50:39.288420,0.76,1.16,1.16,-88.66,515.03,234.24
14:50:39.394557,0.21,1.18,1.18,109.85,63.41,-141.71
14:50:39.497375,0.68,1.23,1.23,119.39,123.93,-303.02
14:50:39.603547,0.31,1.20,1.20,201.98,215.55,-376.95
14:50:39.705246,0.08,1.31,1.31,128.87,-38.93,-186.07
14:50:39.808468,-0.03,1.09,1.09,88.32,-3.72,130.21
14:50:39.915288,1.03,2.38,2.38,641.07,536.04,39.79
14:50:40.017818,1.00,1.81,1.81,162.41,-127.84,94.51
14:50:40.120094,0.61,1.55,1.55,1.77,27.04,-87.99
14:50:40.226777,0.47,1.48,1.48,-13.84,212.59,-97.93
14:50:40.328770,0.22,1.51,1.51,-6.68,107.16,-22.74
14:50:40.434944,0.32,1.55,1.55,-92.01,14.63,53.93
14:50:40.541192,0.29,1.56,1.56,-110.95,-20.34,113.66
14:50:40.644025,0.16,2.04,2.04,-138.99,-15.61,186.40
14:50:40.750395,0.35,1.61,1.61,-132.32,-116.19,242.65
14:50:40.853225,0.96,1.55,1.55,-210.43,533.35,340.64
14:50:40.955678,0.63,0.90,0.90,228.05,199.85,185.18
14:50:41.061636,0.61,0.97,0.97,141.65,139.82,-161.31
14:50:41.164675,0.57,1.05,1.05,116.80,210.52,-430.30
14:50:41.267173,0.38,1.48,1.48,91.28,-5.67,-366.98
14:50:41.373582,0.58,1.18,1.18,139.15,205.58,36.22
14:50:41.480124,2.39,-2.10,-2.10,366.92,-283.23,969.02
14:50:41.582018,0.88,1.36,1.36,669.30,-75.00,297.44
14:50:41.684137,0.70,1.70,1.70,-5.00,175.18,49.05
14:50:41.790509,0.72,1.61,1.61,-60.82,113.08,-35.58
14:50:41.889359,0.61,1.53,1.53,9.05,67.56,-44.24
14:50:41.997704,0.44,1.61,1.61,-9.70,132.53,40.85
14:50:42.098680,0.37,1.58,1.58,-1.04,-47.96,69.94
14:50:42.205515,0.36,2.14,2.14,-88.41,78.81,150.03
14:50:42.311480,0.49,1.38,1.38,-184.91,159.30,150.98
14:50:42.414487,0.70,1.41,1.41,13.05,486.80,203.78
14:50:42.515522,0.46,1.14,1.14,4.45,302.53,283.93
14:50:42.618630,0.76,1.09,1.09,63.48,79.24,78.14
14:50:42.729656,0.59,1.10,1.10,72.93,228.57,-129.82
14:50:42.831704,0.50,1.30,1.30,106.77,216.13,-361.16
14:50:42.938128,0.35,1.32,1.32,156.52,221.59,-179.73
14:50:43.039931,-1.12,1.59,1.59,435.91,29.09,158.51
14:50:43.146375,0.60,3.05,3.05,-543.87,108.05,-269.60
14:50:43.249247,1.22,1.98,1.98,257.96,-118.96,57.71
14:50:43.351863,0.75,1.59,1.59,45.82,-90.03,-37.20
14:50:43.454930,0.58,1.50,1.50,22.01,-8.78,-66.83
14:50:43.556667,0.49,1.56,1.56,9.39,38.75,-75.76
14:50:43.663251,0.48,1.54,1.54,-86.89,117.44,-9.63
14:50:43.765628,0.44,1.57,1.57,-96.95,86.55,16.10
14:50:43.872083,0.22,1.53,1.53,-203.93,90.73,155.76
14:50:43.978471,0.45,1.60,1.60,-136.43,46.77,231.13
14:50:44.081186,0.67,1.49,1.49,-122.04,666.04,335.61
14:50:44.183467,0.54,1.18,1.18,-15.91,88.26,211.43
14:50:44.290280,0.68,1.07,1.07,80.98,107.50,-31.19
14:50:44.396077,0.65,1.06,1.06,111.77,200.55,-268.60
14:50:44.498721,0.42,1.35,1.35,180.67,160.03,-383.14
14:50:44.601727,0.23,1.32,1.32,96.86,394.02,49.09
14:50:44.708966,-2.62,4.00,4.00,104.18,-51.04,-643.35
14:50:44.813504,0.16,2.40,2.40,-588.45,128.54,-106.10
14:50:44.912104,0.89,1.73,1.73,41.59,-101.49,37.65
14:50:45.019109,0.57,1.57,1.57,95.21,-82.47,-75.30
14:50:45.123750,0.45,1.55,1.55,-35.15,136.37,-94.91
14:50:45.227535,0.30,1.58,1.58,-14.85,92.10,-58.41
14:50:45.329636,0.39,1.57,1.57,-52.71,83.57,26.77
14:50:45.433684,0.38,1.54,1.54,-75.67,109.02,40.43
14:50:45.543007,-0.11,1.83,1.83,-153.66,170.76,212.32
14:50:45.646833,0.16,1.48,1.48,-113.54,-135.27,346.31
14:50:45.748231,0.81,1.35,1.35,-56.46,872.29,330.06
14:50:45.850397,0.56,1.15,1.15,105.49,-90.34,-55.55
14:50:45.956315,0.66,1.15,1.15,10.40,18.87,-181.77
14:50:46.063458,0.57,1.13,1.13,106.37,109.97,-244.82
14:50:46.166049,0.41,1.32,1.32,121.95,140.73,-263.54
14:50:46.268615,0.11,1.36,1.36,96.71,89.82,161.80
14:50:46.375038,-0.15,2.66,2.66,320.18,-105.95,404.33
14:50:46.476540,1.08,1.23,1.23,-42.84,89.30,71.89
14:50:46.579893,1.13,1.58,1.58,320.76,-63.51,100.79
14:50:46.686220,0.70,1.55,1.55,20.95,65.30,-104.33
14:50:46.792192,0.50,1.46,1.46,-40.37,222.23,-117.04
14:50:46.895003,0.24,1.53,1.53,-54.18,138.02,-74.30
14:50:46.996702,0.29,1.58,1.58,-93.32,94.02,-9.02
14:50:47.099988,0.30,1.57,1.57,-90.73,18.02,32.56
14:50:47.206471,0.20,1.54,1.54,-94.79,-106.04,60.52
14:50:47.309357,0.13,1.66,1.66,-172.41,44.70,195.64
14:50:47.415439,0.26,1.65,1.65,-97.04,-113.57,229.85
14:50:47.521958,0.98,1.61,1.61,-177.26,463.87,343.17
14:50:47.624330,0.63,1.12,1.12,184.82,-35.21,-17.53
14:50:47.726057,0.62,1.02,1.02,129.76,150.79,-265.82
14:50:47.832996,0.29,1.12,1.12,57.10,-98.99,-549.63
14:50:47.938747,0.28,1.26,1.26,170.79,-118.63,-217.50
14:50:48.042201,-2.19,2.71,2.71,-911.04,195.12,866.92
14:50:48.143688,0.65,1.69,1.69,-999.02,22.71,169.42
14:50:48.246031,0.89,1.56,1.56,150.64,-12.53,95.49
14:50:48.353168,0.82,1.56,1.56,114.30,-3.08,-111.25
14:50:48.455798,0.43,1.54,1.54,7.50,198.81,-138.20
14:50:48.561762,0.32,1.55,1.55,-86.10,144.94,-87.47
14:50:48.660607,0.34,1.54,1.54,6.28,3.69,-10.73
14:50:48.766947,0.38,1.58,1.58,-60.49,43.84,46.86
14:50:48.873437,0.38,1.60,1.60,-100.91,-27.93,55.52
14:50:48.980095,0.17,1.86,1.86,-123.60,-175.76,143.69
14:50:49.086365,-0.09,1.58,1.58,-131.86,-201.37,213.57
14:50:49.184925,1.16,1.58,1.58,-17.26,307.90,315.95
14:50:49.287720,0.76,1.13,1.13,175.00,130.18,35.52
14:50:49.394774,0.63,1.23,1.23,209.36,205.88,-208.75
14:50:49.501029,0.39,1.42,1.42,137.87,98.63,-451.13
14:50:49.602595,0.31,1.48,1.48,57.10,112.23,-296.46
14:50:49.704732,0.15,1.29,1.29,65.70,-109.88,-96.01
14:50:49.807218,0.64,1.14,1.14,21.55,99.76,229.97
14:50:49.918144,0.67,-0.49,-0.49,95.37,-723.11,699.39
14:50:50.016594,0.81,1.31,1.31,80.15,-7.41,406.59
14:50:50.122819,0.99,1.68,1.68,10.88,158.51,103.23
14:50:50.229457,0.87,1.70,1.70,48.69,-50.85,-156.16
14:50:50.331820,0.59,1.58,1.58,53.90,-1.65,-242.87
14:50:50.434778,0.19,1.57,1.57,19.60,87.77,-144.97
14:50:50.540762,0.14,1.62,1.62,-21.25,110.12,-5.67
14:50:50.643020,0.20,1.57,1.57,-136.89,69.15,117.44
14:50:50.749730,0.00,1.73,1.73,-193.32,35.64,241.62
14:50:50.852086,0.75,1.73,1.73,107.50,47.44,421.07
14:50:50.958726,0.47,1.46,1.46,-168.26,846.10,409.76
14:50:51.060539,0.64,1.10,1.10,74.42,137.74,142.77
14:50:51.162758,0.69,0.92,0.92,81.28,60.67,-139.94
14:50:51.269333,0.46,1.19,1.19,125.21,125.85,-318.11
14:50:51.372096,0.19,1.29,1.29,74.48,78.81,-355.61
14:50:51.478820,0.32,1.21,1.21,-47.96,461.34,123.81
14:50:51.585366,1.51,-0.08,-0.08,998.99,-896.62,581.86
14:50:51.689783,0.99,1.34,1.34,355.95,-229.51,295.03
14:50:51.789784,0.80,1.59,1.59,70.40,139.45,67.32
14:50:51.892593,0.72,1.65,1.65,135.76,70.91,-122.56
14:50:51.998220,0.37,1.61,1.61,63.54,139.36,-96.49
14:50:52.101519,0.15,1.54,1.54,77.99,82.10,-14.97
14:50:52.208341,0.16,1.58,1.58,-28.72,102.80,37.96
14:50:52.310183,0.28,1.52,1.52,-58.35,66.71,81.22
14:50:52.412858,0.39,1.61,1.61,-57.99,11.95,62.20
14:50:52.518554,0.51,1.63,1.63,-81.59,77.16,39.42
14:50:52.626438,0.12,1.40,1.40,-186.83,165.79,154.21
14:50:52.728484,0.95,1.62,1.62,-135.76,37.32,319.73
14:50:52.830575,0.51,1.76,1.76,-88.96,-58.81,71.71
14:50:52.936906,0.43,1.63,1.63,-123.57,46.40,117.35
14:50:53.039562,0.72,1.40,1.40,-52.84,323.96,337.62
14:50:53.141372,0.62,1.19,1.19,53.26,91.16,6.71
14:50:53.248311,0.74,1.10,1.10,152.62,160.73,-209.54
14:50:53.354773,0.51,1.13,1.13,137.65,308.63,-326.04
14:50:53.457148,0.25,1.02,1.02,17.74,254.24,-153.29
14:50:53.563835,-2.00,4.00,4.00,-999.02,-68.17,515.34
14:50:53.666406,0.54,2.54,2.54,-894.73,-128.78,-9.97
14:50:53.768631,0.99,1.62,1.62,-49.39,-4.30,15.37
14:50:53.871448,0.79,1.62,1.62,98.45,18.90,-119.42
14:50:53.977508,0.53,1.53,1.53,-22.93,88.45,-173.69
14:50:54.079916,0.32,1.48,1.48,8.41,111.37,-128.78
14:50:54.186251,0.16,1.62,1.62,-10.30,156.10,-19.82
14:50:54.288634,0.26,1.62,1.62,-3.17,53.69,39.15
14:50:54.395396,0.09,1.61,1.61,-187.32,127.01,172.99
14:50:54.497892,0.24,1.64,1.64,-337.01,183.32,302.80
14:50:54.604466,0.23,1.55,1.55,-17.99,-239.91,233.23
14:50:54.707845,1.09,1.33,1.33,-62.20,418.23,356.62
14:50:54.809110,0.75,1.09,1.09,312.07,288.66,180.37
14:50:54.915050,0.49,1.08,1.08,28.75,296.22,-178.99
14:50:55.022051,0.33,1.20,1.20,122.99,106.80,-374.73
14:50:55.125034,0.75,1.19,1.19,138.57,309.12,-201.98
14:50:55.231116,2.27,-0.14,-0.14,737.04,-999.02,108.72
14:50:55.333233,0.62,1.26,1.26,343.60,-60.15,217.59
14:50:55.436426,0.90,1.60,1.60,3.38,348.05,126.68
14:50:55.542489,0.72,1.76,1.76,79.63,224.21,-142.47
14:50:55.645072,0.24,1.46,1.46,44.66,-36.65,-199.79
14:50:55.747106,0.16,1.57,1.57,61.68,-30.73,-42.84
14:50:55.849927,0.33,1.61,1.61,-30.00,37.53,68.78
14:50:55.955809,0.38,1.59,1.59,-39.48,-42.07,68.90
14:50:56.058445,0.27,1.69,1.69,-65.30,1.89,118.41
14:50:56.164360,0.60,1.59,1.59,-310.43,59.48,117.96
14:50:56.271565,-0.06,1.73,1.73,-152.44,82.90,254.94
14:50:56.373526,0.96,1.72,1.72,-32.96,169.57,319.91
14:50:56.476532,0.55,1.08,1.08,103.08,346.28,68.63
14:50:56.582715,0.58,1.03,1.03,170.85,75.00,-413.38
14:50:56.685184,0.45,1.30,1.30,220.12,51.07,-701.65
14:50:56.792020,0.79,1.20,1.20,168.32,203.96,148.84
14:50:56.894356,2.14,0.48,0.48,998.99,-999.02,123.60
14:50:56.995998,0.79,1.33,1.33,673.32,-9.12,364.05
14:50:57.098882,0.98,1.86,1.86,-0.98,239.27,82.96
14:50:57.205710,0.74,1.72,1.72,-70.76,40.52,-93.63
14:50:57.311534,0.48,1.49,1.49,-53.26,14.70,-137.90
14:50:57.413822,0.46,1.55,1.55,-39.30,-27.62,-83.93
14:50:57.517211,0.24,1.54,1.54,-134.09,154.70,9.05
14:50:57.623201,0.13,1.90,1.90,-236.92,41.68,363.99
14:50:57.725253,0.83,1.32,1.32,20.52,3.23,352.01
14:50:57.832115,0.08,0.87,0.87,-72.23,538.08,279.70
14:50:57.933900,0.53,1.11,1.11,58.66,123.63,-16.71
14:50:58.040588,0.58,1.14,1.14,113.96,12.96,-215.55
14:50:58.143185,0.35,1.30,1.30,105.27,10.30,-372.32
14:50:58.248992,0.35,1.33,1.33,123.51,56.22,-190.49
14:50:58.356824,-1.27,3.95,3.95,425.88,-174.70,270.98
14:50:58.459825,1.24,2.00,2.00,-762.65,-11.28,-97.93
14:50:58.560647,1.17,1.66,1.66,315.49,-54.54,92.23
14:50:58.664158,0.77,1.42,1.42,88.78,-22.07,-57.38
14:50:58.770210,0.57,1.52,1.52,-55.64,96.37,-136.28
14:50:58.872725,0.43,1.56,1.56,-40.85,70.49,-118.84
14:50:58.975283,0.28,1.57,1.57,-96.77,77.80,-33.54
14:50:59.081828,0.03,1.59,1.59,-133.72,-6.16,87.99
14:50:59.188430,-0.06,1.84,1.84,-323.29,125.40,348.54
14:50:59.285811,1.07,1.44,1.44,83.23,51.28,287.23
14:50:59.392478,0.57,1.22,1.22,-5.67,783.72,276.31
14:50:59.499947,0.51,0.97,0.97,142.26,110.00,-72.87
14:50:59.605760,0.53,1.25,1.25,258.38,-137.53,-251.46
14:50:59.708009,0.47,1.35,1.35,142.99,243.48,-225.76
14:50:59.810419,0.23,1.36,1.36,61.07,206.13,-135.30
14:50:59.912376,0.45,0.93,0.93,72.50,-38.93,30.88
14:51:00.023574,1.98,-0.65,-0.65,765.95,-324.73,830.79
14:51:00.126095,1.03,1.44,1.44,419.21,-108.11,306.65
14:51:00.224473,0.81,1.63,1.63,39.39,70.79,63.48
14:51:00.330897,0.72,1.56,1.56,-33.38,118.05,65.37
14:51:00.433235,0.70,1.55,1.55,-10.03,63.96,-36.98
14:51:00.538655,0.59,1.52,1.52,17.77,94.48,-89.97
14:51:00.646948,0.35,1.52,1.52,-34.66,102.50,-46.46
14:51:00.744769,0.32,1.60,1.60,-63.93,27.29,48.84
14:51:00.851777,0.68,1.70,1.70,-171.01,-75.70,70.18
14:51:00.957555,0.35,1.80,1.80,-177.62,149.57,204.60
14:51:01.061750,0.46,1.46,1.46,97.90,-43.08,314.18
14:51:01.166396,0.89,1.26,1.26,106.62,538.17,251.28
14:51:01.269263,0.75,1.09,1.09,146.74,197.90,-90.76
14:51:01.375100,0.68,1.18,1.18,43.81,518.32,-219.36
14:51:01.478350,0.23,1.25,1.25,161.71,134.88,-343.63
14:51:01.580371,0.64,1.00,1.00,36.52,256.49,105.27
14:51:01.686632,1.31,1.62,1.62,998.99,979.70,418.51
14:51:01.793282,1.09,1.66,1.66,302.96,-227.32,100.91
14:51:01.891153,0.71,1.67,1.67,55.09,69.97,6.04
14:51:01.997993,0.56,1.56,1.56,-97.90,39.91,-115.55
14:51:02.104474,0.48,1.44,1.44,-17.65,160.40,-113.60
14:51:02.206701,0.46,1.62,1.62,24.15,112.77,-91.62
14:51:02.309394,0.22,1.56,1.56,-79.88,115.61,-14.12
14:51:02.415728,0.09,1.61,1.61,-119.27,-26.59,145.09
14:51:02.522513,-0.00,1.77,1.77,-257.20,198.08,394.85
14:51:02.624645,0.86,1.46,1.46,-32.16,229.24,331.68
14:51:02.727494,0.59,1.15,1.15,44.02,260.82,237.77
14:51:02.829796,0.69,1.10,1.10,116.28,149.66,19.85
14:51:02.935568,0.64,1.11,1.11,136.49,338.45,-139.18
14:51:03.042502,0.47,1.19,1.19,180.24,168.29,-414.76
14:51:03.144936,0.30,1.32,1.32,61.31,541.65,-144.73
14:51:03.252056,1.26,-0.31,-0.31,-999.02,-999.02,481.98
14:51:03.353968,0.55,1.50,1.50,307.59,-459.79,183.45
14:51:03.456069,0.76,1.68,1.68,-79.45,109.91,12.01
14:51:03.558666,0.60,1.66,1.66,61.65,8.11,-46.62
14:51:03.665457,0.41,1.59,1.59,10.70,42.35,-17.41
14:51:03.767170,0.48,1.67,1.67,-22.74,26.22,11.89
14:51:03.873014,0.52,1.58,1.58,-60.40,55.67,-31.25
14:51:03.976505,0.21,1.51,1.51,-103.60,89.45,-9.30
14:51:04.082968,-0.22,1.66,1.66,-188.90,-80.79,287.80
14:51:04.185335,0.82,1.60,1.60,-66.22,-19.88,329.66
14:51:04.294531,0.68,1.24,1.24,-127.84,428.32,182.47
14:51:04.394344,0.61,1.10,1.10,145.73,109.15,-65.00
14:51:04.500516,0.60,1.15,1.15,69.60,183.14,-255.46
14:51:04.603173,0.28,1.31,1.31,122.13,180.03,-428.87
14:51:04.706309,0.26,1.23,1.23,121.46,35.58,-148.26
14:51:04.812220,0.46,1.06,1.06,-999.02,119.79,724.79
14:51:04.918006,0.91,1.45,1.45,-59.70,-209.91,419.60
14:51:05.016228,0.84,1.57,1.57,-84.54,7.53,116.55
14:51:05.123385,0.69,1.63,1.63,76.43,19.51,-115.00
14:51:05.226338,0.39,1.57,1.57,24.15,31.98,-154.82
14:51:05.331761,0.30,1.54,1.54,-42.23,52.50,-78.78
14:51:05.434482,0.39,1.61,1.61,-20.85,71.95,-2.87
14:51:05.537126,0.35,1.57,1.57,-93.05,58.20,49.45
14:51:05.645677,0.36,1.59,1.59,-154.21,19.27,80.37
14:51:05.750213,0.23,1.95,1.95,-116.25,-114.63,60.52
14:51:05.852409,0.01,1.54,1.54,-90.55,-51.04,154.97
14:51:05.954482,0.53,1.58,1.58,-32.32,68.26,289.15
14:51:06.061241,0.56,1.28,1.28,-0.18,216.43,164.36
14:51:06.167967,0.72,1.25,1.25,113.75,-54.79,-152.16
14:51:06.270083,0.67,1.03,1.03,133.54,154.82,-356.40
14:51:06.372234,0.38,1.43,1.43,227.35,18.48,-566.74
14:51:06.475606,0.37,1.41,1.41,72.74,257.01,20.21
14:51:06.585622,1.61,-1.79,-1.79,-504.82,-768.45,648.84
14:51:06.687878,0.69,1.54,1.54,321.28,-121.49,353.17
14:51:06.790999,0.94,1.72,1.72,-89.33,122.26,45.79
14:51:06.893181,0.71,1.72,1.72,58.69,3.75,-34.97
14:51:06.999264,0.50,1.60,1.60,-30.88,-12.50,-111.80
14:51:07.101990,0.46,1.58,1.58,-48.93,33.93,-89.12
14:51:07.208203,0.35,1.59,1.59,-106.37,100.70,-53.38
14:51:07.310934,0.01,1.72,1.72,-124.91,56.52,74.51
14:51:07.417243,-0.12,1.57,1.57,-169.30,-94.42,232.93
14:51:07.519490,0.51,1.68,1.68,-110.15,101.04,332.93
14:51:07.622267,0.69,1.29,1.29,-48.87,204.70,187.38
14:51:07.728039,0.57,1.03,1.03,163.14,-20.55,-172.01
14:51:07.835092,0.56,1.30,1.30,179.15,102.41,-423.17
14:51:07.937567,0.29,1.63,1.63,136.28,156.89,-264.39
14:51:08.039909,0.35,1.30,1.30,92.20,-14.36,100.34
14:51:08.146406,-1.00,0.92,0.92,213.29,151.83,233.99
14:51:08.248879,1.01,2.45,2.45,396.83,43.11,-67.87
14:51:08.351482,0.88,1.71,1.71,90.49,-86.98,130.30
14:51:08.458271,0.85,1.50,1.50,38.78,-10.24,-11.80
14:51:08.559779,0.71,1.63,1.63,-26.62,55.03,-111.68
14:51:08.666992,0.66,1.56,1.56,-50.70,107.44,-110.03
14:51:08.769132,0.48,1.58,1.58,-67.77,109.27,-70.79
14:51:08.870923,0.21,1.53,1.53,-169.36,94.66,36.95
14:51:08.977461,0.20,1.60,1.60,-388.93,-54.15,208.81
14:51:09.080168,0.83,1.49,1.49,-0.58,413.84,391.98
14:51:09.186907,0.67,0.96,0.96,79.05,167.07,256.65
14:51:09.289289,0.58,0.97,0.97,136.77,114.76,-49.42
14:51:09.395262,0.72,1.17,1.17,128.66,220.79,-231.16
14:51:09.498231,0.33,1.38,1.38,218.32,368.66,-223.69
14:51:09.600319,0.27,1.15,1.15,80.37,544.60,226.77
14:51:09.710480,-2.92,4.00,4.00,931.46,-98.20,-280.18
14:51:09.813441,0.85,2.76,2.76,-582.23,-146.28,-349.57
14:51:09.912267,0.89,1.62,1.62,94.42,-94.39,74.36
14:51:10.018729,0.72,1.59,1.59,24.39,31.25,-17.01
14:51:10.124636,0.69,1.56,1.56,-36.25,45.55,-89.36
14:51:10.228554,0.48,1.54,1.54,-103.48,185.76,-93.99
14:51:10.334044,0.34,1.51,1.51,-69.36,126.37,-57.74
14:51:10.436818,0.22,1.57,1.57,-29.33,20.34,-11.34
14:51:10.542546,0.32,1.64,1.64,-125.37,70.40,113.57
14:51:10.644569,0.44,1.70,1.70,-183.48,141.95,130.82
14:51:10.751584,-0.12,1.55,1.55,-229.18,205.24,287.44
14:51:10.853578,1.00,1.67,1.67,-66.22,242.50,381.55
14:51:10.955880,0.65,1.10,1.10,49.45,205.52,190.15
14:51:11.058914,0.72,1.12,1.12,148.11,47.38,-68.35
14:51:11.165360,0.60,1.05,1.05,93.90,222.10,-293.54
14:51:11.272353,0.31,1.32,1.32,161.49,68.66,-449.24
14:51:11.374236,0.47,1.14,1.14,88.78,147.41,31.49
14:51:11.480745,2.58,1.04,1.04,998.99,-866.25,439.36
14:51:11.583165,1.08,1.35,1.35,487.59,-145.27,222.77
14:51:11.685594,0.86,1.67,1.67,137.71,127.07,-37.93
14:51:11.791530,0.61,1.58,1.58,-10.73,122.59,-152.62
14:51:11.894279,0.29,1.47,1.47,6.55,23.87,-102.07
14:51:11.996973,0.19,1.57,1.57,-18.35,44.18,62.68
14:51:12.102929,0.45,1.57,1.57,-73.02,-22.04,134.05
14:51:12.205982,0.44,1.64,1.64,-115.34,63.02,149.54
14:51:12.312684,0.43,1.82,1.82,-267.41,-48.11,153.51
14:51:12.414926,0.37,1.58,1.58,-7.23,-40.85,207.68
14:51:12.517071,0.90,1.41,1.41,5.95,350.18,259.36
14:51:12.623838,0.51,0.99,0.99,135.73,213.17,68.84
14:51:12.730780,0.75,0.97,0.97,159.76,214.73,-309.48
14:51:12.832276,0.36,1.40,1.40,160.82,296.22,-437.29
14:51:12.935995,0.28,1.43,1.43,7.01,409.24,-97.10
14:51:13.041167,-4.00,4.00,4.00,737.74,-461.04,261.22
14:51:13.147060,0.33,2.18,2.18,-648.26,535.73,104.30
14:51:13.250591,0.88,1.71,1.71,205.85,-245.18,89.85
14:51:13.352355,0.57,1.50,1.50,-118.02,0.58,-12.84
14:51:13.454897,0.65,1.54,1.54,-17.16,29.02,-81.01
14:51:13.561638,0.45,1.62,1.62,-42.74,16.37,-122.96
14:51:13.664042,0.15,1.51,1.51,-91.86,56.74,-10.61
14:51:13.769910,0.14,1.64,1.64,-90.85,70.98,169.85
14:51:13.872697,0.64,1.61,1.61,-19.15,155.09,263.60
14:51:13.979195,0.61,1.39,1.39,-185.67,433.93,276.28
14:51:14.077807,0.40,1.22,1.22,9.12,149.15,41.59
14:51:14.188203,0.59,1.28,1.28,37.87,-85.76,-156.92
14:51:14.290642,0.47,1.28,1.28,101.10,121.92,-233.45
14:51:14.397965,0.44,1.38,1.38,148.14,95.95,-241.71
14:51:14.499836,0.38,1.30,1.30,165.12,96.71,-153.02
14:51:14.606082,-4.00,4.00,4.00,998.99,-215.46,61.98
14:51:14.708674,0.20,2.56,2.56,-861.77,287.29,-211.04
14:51:14.811010,0.79,1.64,1.64,68.99,-403.05,-38.41
14:51:14.913077,0.49,1.48,1.48,50.09,-45.64,-30.21
14:51:15.019841,0.53,1.59,1.59,-60.85,94.48,-102.71
14:51:15.126930,0.43,1.56,1.56,-45.46,44.63,-135.37
14:51:15.228965,0.23,1.49,1.49,-149.82,116.40,-26.31
14:51:15.331876,0.02,1.89,1.89,-164.18,-52.62,73.96
14:51:15.437697,0.30,1.66,1.66,-39.45,-96.49,216.40
14:51:15.539687,0.65,1.26,1.26,-107.65,78.45,268.48
14:51:15.641558,0.50,1.15,1.15,-52.96,221.25,40.85
14:51:15.749111,0.49,1.41,1.41,64.39,-28.38,-75.06
14:51:15.851430,0.43,1.21,1.21,34.97,161.28,-11.62
14:51:15.958727,0.40,1.19,1.19,38.02,-53.48,-161.98
14:51:16.060365,0.46,1.38,1.38,93.63,9.63,-167.32
14:51:16.166751,0.41,1.29,1.29,157.29,48.57,-146.86
14:51:16.269420,0.42,1.03,1.03,182.13,-54.45,-234.09
14:51:16.376029,1.90,2.45,2.45,998.99,894.60,529.18
14:51:16.478245,0.74,1.70,1.70,188.38,-230.61,144.09
14:51:16.580838,0.57,1.60,1.60,-34.70,53.17,18.66
14:51:16.686879,0.64,1.58,1.58,-123.17,107.71,-91.49
14:51:16.793694,0.36,1.36,1.36,-79.60,-25.40,-142.41
14:51:16.896411,0.01,1.75,1.75,-133.54,132.13,41.74
14:51:16.998873,0.02,1.50,1.50,-135.12,-3.54,230.91
14:51:17.104898,0.63,1.44,1.44,-173.48,50.98,309.73
14:51:17.207406,0.46,1.17,1.17,-96.71,87.74,110.49
14:51:17.309374,0.75,1.24,1.24,-2.74,-86.04,-50.98
14:51:17.412592,0.60,1.22,1.22,-8.48,56.95,-88.23
14:51:17.518071,0.45,1.30,1.30,61.16,17.87,-146.19
14:51:17.625157,0.47,1.48,1.48,118.72,228.84,-42.16
14:51:17.727510,0.57,1.35,1.35,184.70,313.41,18.63
14:51:17.833960,-0.18,0.59,0.59,138.26,186.83,-242.71
14:51:17.937113,0.45,2.91,2.91,998.99,998.99,361.59
14:51:18.042826,1.01,1.81,1.81,56.25,-203.57,104.15
14:51:18.141950,0.70,1.61,1.61,22.32,45.15,36.92
14:51:18.247287,0.56,1.53,1.53,-2.04,38.41,16.95
14:51:18.350537,0.47,1.58,1.58,-63.11,49.15,-3.75
14:51:18.456755,0.62,1.61,1.61,-123.87,136.25,16.34
14:51:18.563364,0.33,1.64,1.64,-259.09,272.68,194.36
14:51:18.665729,0.54,1.65,1.65,84.36,-225.58,128.87
14:51:18.772038,0.57,1.36,1.36,-121.55,396.04,327.56
14:51:18.874520,0.79,1.13,1.13,-12.87,-97.44,88.54
14:51:18.976766,0.73,1.06,1.06,54.09,62.56,15.03
14:51:19.079227,0.80,0.94,0.94,79.12,85.12,-67.87
14:51:19.186183,0.66,1.17,1.17,167.38,152.20,-273.38
14:51:19.292225,0.79,1.52,1.52,323.72,206.04,-490.03
14:51:19.395428,-0.79,1.43,1.43,216.28,291.40,756.31
14:51:19.501160,1.39,1.26,1.26,274.63,100.73,461.62
14:51:19.603402,1.12,1.61,1.61,184.18,-2.65,153.05
14:51:19.706464,0.67,1.58,1.58,12.44,-50.67,-63.75
14:51:19.811824,0.46,1.49,1.49,-11.80,-2.10,-116.01
14:51:19.914645,0.38,1.58,1.58,-42.96,93.35,-48.51
14:51:20.022613,0.36,1.57,1.57,-90.27,101.46,-17.01
14:51:20.123249,-0.24,1.46,1.46,-249.02,32.20,202.59
14:51:20.230106,0.51,1.68,1.68,-94.02,-111.01,272.74
14:51:20.332112,0.74,0.91,0.91,-140.98,225.52,272.99
14:51:20.435210,0.56,1.04,1.04,40.24,183.14,123.81
14:51:20.542312,0.66,1.05,1.05,46.49,172.04,-133.11
14:51:20.647657,0.60,1.18,1.18,117.53,227.26,-273.11
14:51:20.750501,0.63,1.42,1.42,140.03,63.75,-285.85
14:51:20.853563,0.39,1.38,1.38,148.93,369.02,-56.04
14:51:20.959174,-2.64,1.11,1.11,497.68,-521.04,369.94
14:51:21.061983,0.22,1.23,1.23,-971.74,464.33,183.60
14:51:21.164335,0.87,1.92,1.92,23.69,209.97,59.30
14:51:21.270741,0.50,1.60,1.60,-28.41,-49.63,-70.52
14:51:21.373632,0.27,1.60,1.60,-8.29,-25.55,-109.36
14:51:21.479475,0.09,1.50,1.50,-139.66,45.40,-29.54
14:51:21.586171,0.50,1.45,1.45,-122.90,-129.73,-46.62
14:51:21.688266,0.33,1.56,1.56,-100.00,207.74,105.73
14:51:21.791011,0.13,1.20,1.20,-79.24,222.56,328.60
14:51:21.897323,0.19,1.15,1.15,-31.16,399.12,255.52
14:51:21.999610,0.21,1.25,1.25,137.50,240.00,-12.07
14:51:22.106940,0.35,1.47,1.47,233.14,268.14,-219.33
14:51:22.208399,-0.19,1.76,1.76,127.16,495.70,-23.48
14:51:22.311267,-0.05,1.79,1.79,197.13,-187.47,28.87
14:51:22.413620,0.25,1.52,1.52,81.80,-58.78,131.31
14:51:22.520106,0.28,1.61,1.61,49.42,-19.15,95.18
14:51:22.622759,0.27,1.63,1.63,17.04,20.98,61.34
14:51:22.725352,0.24,1.57,1.57,-17.07,89.24,74.54
14:51:22.831590,0.22,1.62,1.62,-32.74,71.52,56.86
14:51:22.937146,0.24,1.61,1.61,-113.75,-2.07,33.14
14:51:23.039745,0.31,1.57,1.57,-82.23,18.05,60.34
14:51:23.142455,0.37,1.53,1.53,-76.89,-34.30,22.74
14:51:23.244988,0.39,1.57,1.57,-48.96,46.22,5.73
14:51:23.351155,0.27,1.53,1.53,-51.10,17.41,2.90
14:51:23.453268,0.36,1.55,1.55,-30.91,42.26,4.66
14:51:23.559191,0.30,1.53,1.53,-25.03,21.80,-9.12
14:51:23.663902,0.29,1.54,1.54,-15.55,26.55,-5.30
14:51:23.765290,0.28,1.53,1.53,-6.71,5.67,-1.62
14:51:23.867711,0.30,1.53,1.53,0.76,15.24,3.84
14:51:23.970501,0.30,1.53,1.53,6.65,9.12,2.96
14:51:24.076285,0.31,1.54,1.54,4.94,12.71,1.86
14:51:24.178978,0.29,1.54,1.54,9.76,9.05,0.61
14:51:24.281097,0.29,1.54,1.54,7.65,1.28,4.88
14:51:24.387411,0.31,1.54,1.54,8.93,5.27,4.85
14:51:24.489897,0.31,1.55,1.55,9.60,3.57,3.11
14:51:24.595842,0.31,1.55,1.55,2.56,3.96,1.77
14:51:24.698615,0.30,1.55,1.55,5.12,-3.17,2.71
14:51:24.806752,0.31,1.56,1.56,2.56,-8.32,8.08
14:51:24.908192,0.32,1.56,1.56,2.10,-0.98,7.38
14:51:25.010929,0.32,1.56,1.56,-1.98,0.49,2.07
14:51:25.117016,0.33,1.55,1.55,-2.99,5.70,-0.98
14:51:25.218963,0.31,1.56,1.56,-5.82,8.05,-2.93
14:51:25.326001,0.32,1.55,1.55,-12.41,-1.46,-1.98
14:51:25.428355,0.32,1.55,1.55,-23.66,0.88,0.52
14:51:25.533668,0.33,1.54,1.54,-11.49,1.92,-1.04
14:51:25.637179,0.33,1.55,1.55,-6.98,7.50,-1.65
14:51:25.743288,0.32,1.55,1.55,-6.01,10.58,-0.85
14:51:25.845930,0.30,1.55,1.55,-4.63,5.98,-1.28
14:51:25.948570,0.31,1.55,1.55,-7.16,6.65,2.80
14:51:26.051063,0.31,1.54,1.54,-2.71,5.09,6.92
14:51:26.156611,0.33,1.55,1.55,-1.77,1.40,6.13
14:51:26.259994,0.34,1.55,1.55,-2.16,6.83,1.80
14:51:26.362525,0.32,1.55,1.55,-0.88,5.76,1.22
14:51:26.468450,0.32,1.55,1.55,-2.23,1.68,3.02
14:51:26.570870,0.33,1.54,1.54,-3.23,1.10,5.52
14:51:26.678240,0.34,1.55,1.55,-1.31,-0.67,4.88
14:51:26.780167,0.34,1.56,1.56,-1.37,-0.06,4.21
14:51:26.882842,0.33,1.55,1.55,-1.95,0.67,2.41
14:51:26.989140,0.34,1.55,1.55,-2.04,0.58,2.93
14:51:27.091317,0.35,1.55,1.55,0.15,1.13,0.52
14:51:27.197377,0.31,1.57,1.57,-1.83,16.07,0.64
14:51:27.300252,0.34,1.55,1.55,0.76,3.20,-1.52
14:51:27.402228,0.34,1.55,1.55,-1.01,4.18,0.06
14:51:27.508669,0.34,1.55,1.55,-0.34,10.24,-0.18
14:51:27.611253,0.34,1.55,1.55,-4.30,2.62,1.92
14:51:27.713597,0.33,1.55,1.55,-2.62,0.79,4.02
14:51:27.820452,0.35,1.55,1.55,-4.51,1.10,4.79
14:51:27.923606,0.35,1.55,1.55,-2.20,3.93,1.68
14:51:28.025462,0.35,1.56,1.56,-2.56,6.46,2.01
14:51:28.131679,0.34,1.54,1.54,-0.46,0.24,4.82
14:51:28.233594,0.36,1.55,1.55,0.09,-8.20,8.20
14:51:28.336600,0.38,1.55,1.55,1.62,2.07,8.05
14:51:28.443286,0.36,1.56,1.56,-0.52,8.32,7.68
14:51:28.545163,0.37,1.55,1.55,-3.35,5.18,5.30
14:51:28.652080,0.37,1.55,1.55,-2.56,1.25,5.67
14:51:28.754316,0.38,1.56,1.56,-4.60,1.01,3.96
14:51:28.856707,0.37,1.56,1.56,-1.25,6.04,3.32
14:51:28.963241,0.36,1.55,1.55,-4.85,3.96,3.05
14:51:29.065512,0.37,1.56,1.56,-3.78,-1.01,8.20
14:51:29.171919,0.38,1.55,1.55,-3.23,-1.89,8.17
14:51:29.274575,0.38,1.55,1.55,-3.05,-5.58,10.52
14:51:29.380688,0.37,1.56,1.56,3.81,-16.77,12.32
14:51:29.483860,0.40,1.56,1.56,0.64,-16.98,15.49
14:51:29.590190,0.43,1.55,1.55,-10.55,-9.97,12.93
